,Date from,Cash rate target %,Owner occupied (principal and interest)(%pa),ehl70_pi,1 Year Fixed (%pa),2 Year Fixed (%pa),3 Year Fixed (%pa),4 Year Fixed (%pa),5 Year Fixed (%pa),Percentage Change from Corresponding Quarter of Previous Year ;  All groups CPI ;  Australia ;,Unemployment rate ;  Persons ;.1,confidence
9,1948-09-01 00:00:00.000000,,,,,,,,,,,
10,1948-12-01 00:00:00.000000,,,,,,,,,,,
11,1949-03-01 00:00:00.000000,,,,,,,,,,,
12,1949-06-01 00:00:00.000000,,,,,,,,,,,
13,1949-09-01 00:00:00.000000,,,,,,,,,10.8,,
14,1949-12-01 00:00:00.000000,,,,,,,,,7.9,,
15,1950-03-01 00:00:00.000000,,,,,,,,,7.7,,
16,1950-06-01 00:00:00.000000,,,,,,,,,7.5,,
17,1950-09-01 00:00:00.000000,,,,,,,,,7.3,,
18,1950-12-01 00:00:00.000000,,,,,,,,,12.2,,
19,1951-03-01 00:00:00.000000,,,,,,,,,14.3,,
20,1951-06-01 00:00:00.000000,,,,,,,,,18.6,,
21,1951-09-01 00:00:00.000000,,,,,,,,,20.5,,
22,1951-12-01 00:00:00.000000,,,,,,,,,23.9,,
23,1952-03-01 00:00:00.000000,,,,,,,,,22.9,,
24,1952-06-01 00:00:00.000000,,,,,,,,,19.6,,
25,1952-09-01 00:00:00.000000,,,,,,,,,17.0,,
26,1952-12-01 00:00:00.000000,,,,,,,,,10.5,,
27,1953-03-01 00:00:00.000000,,,,,,,,,6.8,,
28,1953-06-01 00:00:00.000000,,,,,,,,,4.9,,
29,1953-09-01 00:00:00.000000,,,,,,,,,4.8,,
30,1953-12-01 00:00:00.000000,,,,,,,,,1.6,,
31,1954-03-01 00:00:00.000000,,,,,,,,,3.2,,
32,1954-06-01 00:00:00.000000,,,,,,,,,1.6,,
33,1954-09-01 00:00:00.000000,,,,,,,,,0.0,,
34,1954-12-01 00:00:00.000000,,,,,,,,,1.6,,
35,1955-03-01 00:00:00.000000,,,,,,,,,0.0,,
36,1955-06-01 00:00:00.000000,,,,,,,,,1.5,,
37,1955-09-01 00:00:00.000000,,,,,,,,,1.5,,
38,1955-12-01 00:00:00.000000,,,,,,,,,3.1,,
39,1956-03-01 00:00:00.000000,,,,,,,,,3.1,,
40,1956-06-01 00:00:00.000000,,,,,,,,,6.1,,
41,1956-09-01 00:00:00.000000,,,,,,,,,7.6,,
42,1956-12-01 00:00:00.000000,,,,,,,,,6.0,,
43,1957-03-01 00:00:00.000000,,,,,,,,,6.0,,
44,1957-06-01 00:00:00.000000,,,,,,,,,2.9,,
45,1957-09-01 00:00:00.000000,,,,,,,,,1.4,,
46,1957-12-01 00:00:00.000000,,,,,,,,,1.4,,
47,1958-03-01 00:00:00.000000,,,,,,,,,1.4,,
48,1958-06-01 00:00:00.000000,,,,,,,,,0.0,,
49,1958-09-01 00:00:00.000000,,,,,,,,,0.0,,
50,1958-12-01 00:00:00.000000,,,,,,,,,1.4,,
51,1959-03-01 00:00:00.000000,,,,,,,,,1.4,,
52,1959-06-01 00:00:00.000000,,,,,,,,,1.4,,
53,1959-09-01 00:00:00.000000,,,,,,,,,2.8,,
54,1959-12-01 00:00:00.000000,,,,,,,,,2.7,,
55,1960-03-01 00:00:00.000000,,,,,,,,,2.7,,
56,1960-06-01 00:00:00.000000,,,,,,,,,4.1,,
57,1960-09-01 00:00:00.000000,,,,,,,,,4.1,,
58,1960-12-01 00:00:00.000000,,,,,,,,,4.0,,
59,1961-03-01 00:00:00.000000,,,,,,,,,4.0,,
60,1961-06-01 00:00:00.000000,,,,,,,,,3.9,,
61,1961-09-01 00:00:00.000000,,,,,,,,,1.3,,
62,1961-12-01 00:00:00.000000,,,,,,,,,0.0,,
63,1962-03-01 00:00:00.000000,,,,,,,,,0.0,,
64,1962-06-01 00:00:00.000000,,,,,,,,,-1.3,,
65,1962-09-01 00:00:00.000000,,,,,,,,,0.0,,
66,1962-12-01 00:00:00.000000,,,,,,,,,0.0,,
67,1963-03-01 00:00:00.000000,,,,,,,,,0.0,,
68,1963-06-01 00:00:00.000000,,,,,,,,,0.0,,
69,1963-09-01 00:00:00.000000,,,,,,,,,1.3,,
70,1963-12-01 00:00:00.000000,,,,,,,,,1.3,,
71,1964-03-01 00:00:00.000000,,,,,,,,,2.6,,
72,1964-06-01 00:00:00.000000,,,,,,,,,2.6,,
73,1964-09-01 00:00:00.000000,,,,,,,,,2.5,,
74,1964-12-01 00:00:00.000000,,,,,,,,,3.8,,
75,1965-03-01 00:00:00.000000,,,,,,,,,2.5,,
76,1965-06-01 00:00:00.000000,,,,,,,,,3.8,,
77,1965-09-01 00:00:00.000000,,,,,,,,,3.7,,
78,1965-12-01 00:00:00.000000,,,,,,,,,3.7,,
79,1966-03-01 00:00:00.000000,,,,,,,,,4.9,,
80,1966-06-01 00:00:00.000000,,,,,,,,,3.6,,
81,1966-09-01 00:00:00.000000,,,,,,,,,2.4,,
82,1966-12-01 00:00:00.000000,,,,,,,,,2.4,,
83,1967-03-01 00:00:00.000000,,,,,,,,,2.3,,
84,1967-06-01 00:00:00.000000,,,,,,,,,3.5,,
85,1967-09-01 00:00:00.000000,,,,,,,,,4.7,,
86,1967-12-01 00:00:00.000000,,,,,,,,,3.4,,
87,1968-03-01 00:00:00.000000,,,,,,,,,3.4,,
88,1968-06-01 00:00:00.000000,,,,,,,,,2.2,,
89,1968-09-01 00:00:00.000000,,,,,,,,,2.2,,
90,1968-12-01 00:00:00.000000,,,,,,,,,2.2,,
91,1969-03-01 00:00:00.000000,,,,,,,,,3.3,,
92,1969-06-01 00:00:00.000000,,,,,,,,,3.3,,
93,1969-09-01 00:00:00.000000,,,,,,,,,3.3,,
94,1969-12-01 00:00:00.000000,,,,,,,,,3.3,,
95,1970-03-01 00:00:00.000000,,,,,,,,,2.1,,
96,1970-06-01 00:00:00.000000,,,,,,,,,3.2,,
97,1970-09-01 00:00:00.000000,,,,,,,,,3.2,,
98,1970-12-01 00:00:00.000000,,,,,,,,,5.3,,
99,1971-03-01 00:00:00.000000,,,,,,,,,5.2,,
100,1971-06-01 00:00:00.000000,,,,,,,,,5.2,,
101,1971-09-01 00:00:00.000000,,,,,,,,,7.1,,
102,1971-12-01 00:00:00.000000,,,,,,,,,7.0,,
103,1972-03-01 00:00:00.000000,,,,,,,,,6.9,,
104,1972-06-01 00:00:00.000000,,,,,,,,,6.9,,
105,1972-09-01 00:00:00.000000,,,,,,,,,5.7,,
106,1972-12-01 00:00:00.000000,,,,,,,,,4.7,,
0,1973-01-01 00:00:00.000000,,,,,,,,,,,
1,1973-02-01 00:00:00.000000,,,,,,,,,,,
107,1973-03-01 00:00:00.000000,,,,,,,,,5.6,,
2,1973-03-01 00:00:00.000000,,,,,,,,,,,
3,1973-04-01 00:00:00.000000,,,,,,,,,,,
4,1973-05-01 00:00:00.000000,,,,,,,,,,,
5,1973-06-01 00:00:00.000000,,,,,,,,,,,
108,1973-06-01 00:00:00.000000,,,,,,,,,8.3,,
6,1973-07-01 00:00:00.000000,,,,,,,,,,,
7,1973-08-01 00:00:00.000000,,,,,,,,,,,
109,1973-09-01 00:00:00.000000,,,,,,,,,9.9,,
8,1973-09-01 00:00:00.000000,,,,,,,,,,,21.68
9,1973-10-01 00:00:00.000000,,,,,,,,,,,
10,1973-11-01 00:00:00.000000,,,,,,,,,,,
110,1973-12-01 00:00:00.000000,,,,,,,,,12.5,,
11,1973-12-01 00:00:00.000000,,,,,,,,,,,
12,1974-01-01 00:00:00.000000,,,,,,,,,,,
13,1974-02-01 00:00:00.000000,,,,,,,,,,,
14,1974-03-01 00:00:00.000000,,,,,,,,,,,
111,1974-03-01 00:00:00.000000,,,,,,,,,14.0,,
15,1974-04-01 00:00:00.000000,,,,,,,,,,,
16,1974-05-01 00:00:00.000000,,,,,,,,,,,
17,1974-06-01 00:00:00.000000,,,,,,,,,,,
112,1974-06-01 00:00:00.000000,,,,,,,,,14.4,,
18,1974-07-01 00:00:00.000000,,,,,,,,,,,
19,1974-08-01 00:00:00.000000,,,,,,,,,,,
113,1974-09-01 00:00:00.000000,,,,,,,,,16.4,,
20,1974-09-01 00:00:00.000000,,,,,,,,,,,18.119999999999997
21,1974-10-01 00:00:00.000000,,,,,,,,,,,
22,1974-11-01 00:00:00.000000,,,,,,,,,,,
114,1974-12-01 00:00:00.000000,,,,,,,,,16.7,,
23,1974-12-01 00:00:00.000000,,,,,,,,,,,
24,1975-01-01 00:00:00.000000,,,,,,,,,,,
25,1975-02-01 00:00:00.000000,,,,,,,,,,,
115,1975-03-01 00:00:00.000000,,,,,,,,,17.7,,
26,1975-03-01 00:00:00.000000,,,,,,,,,,,
27,1975-04-01 00:00:00.000000,,,,,,,,,,,
28,1975-05-01 00:00:00.000000,,,,,,,,,,,
116,1975-06-01 00:00:00.000000,,,,,,,,,17.0,,
29,1975-06-01 00:00:00.000000,,,,,,,,,,,
30,1975-07-01 00:00:00.000000,,,,,,,,,,,
31,1975-08-01 00:00:00.000000,,,,,,,,,,,
32,1975-09-01 00:00:00.000000,,,,,,,,,,,20.16
117,1975-09-01 00:00:00.000000,,,,,,,,,12.0,,
33,1975-10-01 00:00:00.000000,,,,,,,,,,,
34,1975-11-01 00:00:00.000000,,,,,,,,,,,
118,1975-12-01 00:00:00.000000,,,,,,,,,14.3,,
35,1975-12-01 00:00:00.000000,,,,,,,,,,,
36,1976-01-01 00:00:00.000000,,,,,,,,,,,
37,1976-02-01 00:00:00.000000,,,,,,,,,,,
119,1976-03-01 00:00:00.000000,,,,,,,,,13.1,,
38,1976-03-01 00:00:00.000000,,,,,,,,,,,
39,1976-04-01 00:00:00.000000,,,,,,,,,,,
40,1976-05-01 00:00:00.000000,,,,,,,,,,,
41,1976-06-01 00:00:00.000000,,,,,,,,,,,
120,1976-06-01 00:00:00.000000,,,,,,,,,12.0,,
42,1976-07-01 00:00:00.000000,,,,,,,,,,,
43,1976-08-01 00:00:00.000000,,,,,,,,,,,
44,1976-09-01 00:00:00.000000,,,,,,,,,,,21.6
121,1976-09-01 00:00:00.000000,,,,,,,,,13.8,,
45,1976-10-01 00:00:00.000000,,,,,,,,,,,
46,1976-11-01 00:00:00.000000,,,,,,,,,,,
47,1976-12-01 00:00:00.000000,,,,,,,,,,,
122,1976-12-01 00:00:00.000000,,,,,,,,,14.3,,
48,1977-01-01 00:00:00.000000,,,,,,,,,,,
49,1977-02-01 00:00:00.000000,,,,,,,,,,,
50,1977-03-01 00:00:00.000000,,,,,,,,,,,
123,1977-03-01 00:00:00.000000,,,,,,,,,13.3,,
51,1977-04-01 00:00:00.000000,,,,,,,,,,,
52,1977-05-01 00:00:00.000000,,,,,,,,,,,
53,1977-06-01 00:00:00.000000,,,,,,,,,,,
124,1977-06-01 00:00:00.000000,,,,,,,,,13.6,,
54,1977-07-01 00:00:00.000000,,,,,,,,,,,
55,1977-08-01 00:00:00.000000,,,,,,,,,,,
56,1977-09-01 00:00:00.000000,,,,,,,,,,,21.0
125,1977-09-01 00:00:00.000000,,,,,,,,,13.3,,
57,1977-10-01 00:00:00.000000,,,,,,,,,,,
58,1977-11-01 00:00:00.000000,,,,,,,,,,,
126,1977-12-01 00:00:00.000000,,,,,,,,,9.4,,
59,1977-12-01 00:00:00.000000,,,,,,,,,,,
60,1978-01-01 00:00:00.000000,,,,,,,,,,,
9,1978-02-01 00:00:00.000000,,,,,,,,,,6.6445537,
61,1978-02-01 00:00:00.000000,,,,,,,,,,,
10,1978-03-01 00:00:00.000000,,,,,,,,,,6.3019908,
127,1978-03-01 00:00:00.000000,,,,,,,,,8.7,,
62,1978-03-01 00:00:00.000000,,,,,,,,,,,
63,1978-04-01 00:00:00.000000,,,,,,,,,,,
11,1978-04-01 00:00:00.000000,,,,,,,,,,6.2672431,
12,1978-05-01 00:00:00.000000,,,,,,,,,,6.2089441,
64,1978-05-01 00:00:00.000000,,,,,,,,,,,
65,1978-06-01 00:00:00.000000,,,,,,,,,,,
128,1978-06-01 00:00:00.000000,,,,,,,,,8.0,,
13,1978-06-01 00:00:00.000000,,,,,,,,,,6.3029402,
14,1978-07-01 00:00:00.000000,,,,,,,,,,6.2229923,
66,1978-07-01 00:00:00.000000,,,,,,,,,,,
67,1978-08-01 00:00:00.000000,,,,,,,,,,,
15,1978-08-01 00:00:00.000000,,,,,,,,,,6.4898641,
16,1978-09-01 00:00:00.000000,,,,,,,,,,6.2569215,
68,1978-09-01 00:00:00.000000,,,,,,,,,,,18.240000000000002
129,1978-09-01 00:00:00.000000,,,,,,,,,7.8,,
17,1978-10-01 00:00:00.000000,,,,,,,,,,6.1627622,
69,1978-10-01 00:00:00.000000,,,,,,,,,,,
18,1978-11-01 00:00:00.000000,,,,,,,,,,6.3297229,
70,1978-11-01 00:00:00.000000,,,,,,,,,,,
130,1978-12-01 00:00:00.000000,,,,,,,,,7.6,,
19,1978-12-01 00:00:00.000000,,,,,,,,,,6.4045756,
71,1978-12-01 00:00:00.000000,,,,,,,,,,,
72,1979-01-01 00:00:00.000000,,,,,,,,,,,
20,1979-01-01 00:00:00.000000,,,,,,,,,,6.3705064,
21,1979-02-01 00:00:00.000000,,,,,,,,,,6.2568327,
73,1979-02-01 00:00:00.000000,,,,,,,,,,,
22,1979-03-01 00:00:00.000000,,,,,,,,,,6.3022305,
131,1979-03-01 00:00:00.000000,,,,,,,,,8.0,,
74,1979-03-01 00:00:00.000000,,,,,,,,,,,
23,1979-04-01 00:00:00.000000,,,,,,,,,,6.4981348,
75,1979-04-01 00:00:00.000000,,,,,,,,,,,
24,1979-05-01 00:00:00.000000,,,,,,,,,,6.2030605,
76,1979-05-01 00:00:00.000000,,,,,,,,,,,
132,1979-06-01 00:00:00.000000,,,,,,,,,8.8,,
77,1979-06-01 00:00:00.000000,,,,,,,,,,,
25,1979-06-01 00:00:00.000000,,,,,,,,,,6.2505907,
26,1979-07-01 00:00:00.000000,,,,,,,,,,6.2743066,
78,1979-07-01 00:00:00.000000,,,,,,,,,,,
79,1979-08-01 00:00:00.000000,,,,,,,,,,,
27,1979-08-01 00:00:00.000000,,,,,,,,,,6.1175724,
133,1979-09-01 00:00:00.000000,,,,,,,,,9.5,,
28,1979-09-01 00:00:00.000000,,,,,,,,,,6.2313709,
80,1979-09-01 00:00:00.000000,,,,,,,,,,,19.880000000000003
29,1979-10-01 00:00:00.000000,,,,,,,,,,6.3831065,
81,1979-10-01 00:00:00.000000,,,,,,,,,,,
30,1979-11-01 00:00:00.000000,,,,,,,,,,6.0438037,
82,1979-11-01 00:00:00.000000,,,,,,,,,,,
31,1979-12-01 00:00:00.000000,,,,,,,,,,6.1193464,
134,1979-12-01 00:00:00.000000,,,,,,,,,10.2,,
83,1979-12-01 00:00:00.000000,,,,,,,,,,,
32,1980-01-01 00:00:00.000000,,,,,,,,,,6.1460561,
84,1980-01-01 00:00:00.000000,,,,,,,,,,,
33,1980-02-01 00:00:00.000000,,,,,,,,,,5.9983708,
85,1980-02-01 00:00:00.000000,,,,,,,,,,,
34,1980-03-01 00:00:00.000000,,,,,,,,,,5.935803,
86,1980-03-01 00:00:00.000000,,,,,,,,,,,
135,1980-03-01 00:00:00.000000,,,,,,,,,10.4,,
87,1980-04-01 00:00:00.000000,,,,,,,,,,,
35,1980-04-01 00:00:00.000000,,,,,,,,,,6.1134529,
88,1980-05-01 00:00:00.000000,,,,,,,,,,,
36,1980-05-01 00:00:00.000000,,,,,,,,,,6.2450639,
89,1980-06-01 00:00:00.000000,,,,,,,,,,,
37,1980-06-01 00:00:00.000000,,,,,,,,,,6.3220702,
136,1980-06-01 00:00:00.000000,,,,,,,,,11.0,,
38,1980-07-01 00:00:00.000000,,,,,,,,,,6.0776053,
90,1980-07-01 00:00:00.000000,,,,,,,,,,,
39,1980-08-01 00:00:00.000000,,,,,,,,,,6.1762828,
91,1980-08-01 00:00:00.000000,,,,,,,,,,,
137,1980-09-01 00:00:00.000000,,,,,,,,,9.9,,
92,1980-09-01 00:00:00.000000,,,,,,,,,,,20.880000000000003
40,1980-09-01 00:00:00.000000,,,,,,,,,,6.1398668,
41,1980-10-01 00:00:00.000000,,,,,,,,,,6.0544363,
93,1980-10-01 00:00:00.000000,,,,,,,,,,,
42,1980-11-01 00:00:00.000000,,,,,,,,,,5.8492364,
94,1980-11-01 00:00:00.000000,,,,,,,,,,,
43,1980-12-01 00:00:00.000000,,,,,,,,,,6.0503374,
95,1980-12-01 00:00:00.000000,,,,,,,,,,,
138,1980-12-01 00:00:00.000000,,,,,,,,,9.2,,
44,1981-01-01 00:00:00.000000,,,,,,,,,,5.915783,
96,1981-01-01 00:00:00.000000,,,,,,,,,,,
97,1981-02-01 00:00:00.000000,,,,,,,,,,,
45,1981-02-01 00:00:00.000000,,,,,,,,,,5.6161923,
139,1981-03-01 00:00:00.000000,,,,,,,,,9.4,,
98,1981-03-01 00:00:00.000000,,,,,,,,,,,
46,1981-03-01 00:00:00.000000,,,,,,,,,,5.7451953,
99,1981-04-01 00:00:00.000000,,,,,,,,,,,
47,1981-04-01 00:00:00.000000,,,,,,,,,,5.5547111,
48,1981-05-01 00:00:00.000000,,,,,,,,,,5.5879501,
100,1981-05-01 00:00:00.000000,,,,,,,,,,,
101,1981-06-01 00:00:00.000000,,,,,,,,,,,
49,1981-06-01 00:00:00.000000,,,,,,,,,,5.3733888,
140,1981-06-01 00:00:00.000000,,,,,,,,,8.4,,
50,1981-07-01 00:00:00.000000,,,,,,,,,,5.8276546,
102,1981-07-01 00:00:00.000000,,,,,,,,,,,
103,1981-08-01 00:00:00.000000,,,,,,,,,,,
51,1981-08-01 00:00:00.000000,,,,,,,,,,5.8454842,
104,1981-09-01 00:00:00.000000,,,,,,,,,,,18.48
141,1981-09-01 00:00:00.000000,,,,,,,,,9.0,,
52,1981-09-01 00:00:00.000000,,,,,,,,,,5.8109912,
53,1981-10-01 00:00:00.000000,,,,,,,,,,5.8716976,
105,1981-10-01 00:00:00.000000,,,,,,,,,,,
54,1981-11-01 00:00:00.000000,,,,,,,,,,5.9939654,
106,1981-11-01 00:00:00.000000,,,,,,,,,,,
142,1981-12-01 00:00:00.000000,,,,,,,,,11.0,,
107,1981-12-01 00:00:00.000000,,,,,,,,,,,
55,1981-12-01 00:00:00.000000,,,,,,,,,,6.0260438,
108,1982-01-01 00:00:00.000000,,,,,,,,,,,
56,1982-01-01 00:00:00.000000,,,,,,,,,,5.9817491,
109,1982-02-01 00:00:00.000000,,,,,,,,,,,
57,1982-02-01 00:00:00.000000,,,,,,,,,,6.30803,
110,1982-03-01 00:00:00.000000,,,,,,,,,,,
58,1982-03-01 00:00:00.000000,,,,,,,,,,6.3219973,
143,1982-03-01 00:00:00.000000,,,,,,,,,10.8,,
111,1982-04-01 00:00:00.000000,,,,,,,,,,,
59,1982-04-01 00:00:00.000000,,,,,,,,,,6.3320235,
112,1982-05-01 00:00:00.000000,,,,,,,,,,,
60,1982-05-01 00:00:00.000000,,,,,,,,,,6.5916577,
113,1982-06-01 00:00:00.000000,,,,,,,,,,,
144,1982-06-01 00:00:00.000000,,,,,,,,,10.9,,
61,1982-06-01 00:00:00.000000,,,,,,,,,,6.7658984,
114,1982-07-01 00:00:00.000000,,,,,,,,,,,
62,1982-07-01 00:00:00.000000,,,,,,,,,,6.8832178,
63,1982-08-01 00:00:00.000000,,,,,,,,,,7.0106922,
115,1982-08-01 00:00:00.000000,,,,,,,,,,,
145,1982-09-01 00:00:00.000000,,,,,,,,,12.4,,
116,1982-09-01 00:00:00.000000,,,,,,,,,,,16.919999999999998
64,1982-09-01 00:00:00.000000,,,,,,,,,,7.4283195,
117,1982-10-01 00:00:00.000000,,,,,,,,,,,
65,1982-10-01 00:00:00.000000,,,,,,,,,,8.2938352,
118,1982-11-01 00:00:00.000000,,,,,,,,,,,
66,1982-11-01 00:00:00.000000,,,,,,,,,,8.6781328,
119,1982-12-01 00:00:00.000000,,,,,,,,,,,
67,1982-12-01 00:00:00.000000,,,,,,,,,,9.4006981,
146,1982-12-01 00:00:00.000000,,,,,,,,,11.3,,
120,1983-01-01 00:00:00.000000,,,,,,,,,,,
68,1983-01-01 00:00:00.000000,,,,,,,,,,9.2984943,
69,1983-02-01 00:00:00.000000,,,,,,,,,,9.6579661,
121,1983-02-01 00:00:00.000000,,,,,,,,,,,
122,1983-03-01 00:00:00.000000,,,,,,,,,,,
70,1983-03-01 00:00:00.000000,,,,,,,,,,9.9498985,
147,1983-03-01 00:00:00.000000,,,,,,,,,11.4,,
123,1983-04-01 00:00:00.000000,,,,,,,,,,,
71,1983-04-01 00:00:00.000000,,,,,,,,,,10.1520907,
72,1983-05-01 00:00:00.000000,,,,,,,,,,10.3214667,
124,1983-05-01 00:00:00.000000,,,,,,,,,,,
148,1983-06-01 00:00:00.000000,,,,,,,,,11.1,,
73,1983-06-01 00:00:00.000000,,,,,,,,,,10.2019365,
125,1983-06-01 00:00:00.000000,,,,,,,,,,,
126,1983-07-01 00:00:00.000000,,,,,,,,,,,
74,1983-07-01 00:00:00.000000,,,,,,,,,,10.5199233,
75,1983-08-01 00:00:00.000000,,,,,,,,,,10.2178992,
127,1983-08-01 00:00:00.000000,,,,,,,,,,,
128,1983-09-01 00:00:00.000000,,,,,,,,,,,20.119999999999997
76,1983-09-01 00:00:00.000000,,,,,,,,,,10.3364886,
149,1983-09-01 00:00:00.000000,,,,,,,,,9.2,,
77,1983-10-01 00:00:00.000000,,,,,,,,,,10.0066233,
129,1983-10-01 00:00:00.000000,,,,,,,,,,,
130,1983-11-01 00:00:00.000000,,,,,,,,,,,
78,1983-11-01 00:00:00.000000,,,,,,,,,,9.6527983,
131,1983-12-01 00:00:00.000000,,,,,,,,,,,
150,1983-12-01 00:00:00.000000,,,,,,,,,8.6,,
79,1983-12-01 00:00:00.000000,,,,,,,,,,9.4559304,
132,1984-01-01 00:00:00.000000,,,,,,,,,,,
80,1984-01-01 00:00:00.000000,,,,,,,,,,9.4964765,
81,1984-02-01 00:00:00.000000,,,,,,,,,,9.3849861,
133,1984-02-01 00:00:00.000000,,,,,,,,,,,
82,1984-03-01 00:00:00.000000,,,,,,,,,,9.2068317,
151,1984-03-01 00:00:00.000000,,,,,,,,,5.8,,
134,1984-03-01 00:00:00.000000,,,,,,,,,,,
83,1984-04-01 00:00:00.000000,,,,,,,,,,9.3704362,
135,1984-04-01 00:00:00.000000,,,,,,,,,,,
84,1984-05-01 00:00:00.000000,,,,,,,,,,8.935011,
136,1984-05-01 00:00:00.000000,,,,,,,,,,,
152,1984-06-01 00:00:00.000000,,,,,,,,,4.0,,
85,1984-06-01 00:00:00.000000,,,,,,,,,,9.0939442,
137,1984-06-01 00:00:00.000000,,,,,,,,,,,
138,1984-07-01 00:00:00.000000,,,,,,,,,,,
86,1984-07-01 00:00:00.000000,,,,,,,,,,8.9173579,
139,1984-08-01 00:00:00.000000,,,,,,,,,,,
87,1984-08-01 00:00:00.000000,,,,,,,,,,8.8274892,
153,1984-09-01 00:00:00.000000,,,,,,,,,3.7,,
140,1984-09-01 00:00:00.000000,,,,,,,,,,,23.64
88,1984-09-01 00:00:00.000000,,,,,,,,,,8.7338079,
141,1984-10-01 00:00:00.000000,,,,,,,,,,,
89,1984-10-01 00:00:00.000000,,,,,,,,,,8.6941029,
142,1984-11-01 00:00:00.000000,,,,,,,,,,,
90,1984-11-01 00:00:00.000000,,,,,,,,,,8.6777561,
143,1984-12-01 00:00:00.000000,,,,,,,,,,,
154,1984-12-01 00:00:00.000000,,,,,,,,,2.5,,
91,1984-12-01 00:00:00.000000,,,,,,,,,,8.5181494,
144,1985-01-01 00:00:00.000000,,,,,,,,,,,
92,1985-01-01 00:00:00.000000,,,,,,,,,,8.5499165,
145,1985-02-01 00:00:00.000000,,,,,,,,,,,
93,1985-02-01 00:00:00.000000,,,,,,,,,,8.3888149,
94,1985-03-01 00:00:00.000000,,,,,,,,,,8.6640149,
146,1985-03-01 00:00:00.000000,,,,,,,,,,,
155,1985-03-01 00:00:00.000000,,,,,,,,,4.4,,
95,1985-04-01 00:00:00.000000,,,,,,,,,,8.4005131,
147,1985-04-01 00:00:00.000000,,,,,,,,,,,
148,1985-05-01 00:00:00.000000,,,,,,,,,,,
96,1985-05-01 00:00:00.000000,,,,,,,,,,8.3744579,
149,1985-06-01 00:00:00.000000,,,,,,,,,,,
97,1985-06-01 00:00:00.000000,,,,,,,,,,8.5690679,
156,1985-06-01 00:00:00.000000,,,,,,,,,6.6,,
150,1985-07-01 00:00:00.000000,,,,,,,,,,,
98,1985-07-01 00:00:00.000000,,,,,,,,,,8.3082377,
151,1985-08-01 00:00:00.000000,,,,,,,,,,,
99,1985-08-01 00:00:00.000000,,,,,,,,,,8.1546585,
152,1985-09-01 00:00:00.000000,,,,,,,,,,,21.36
157,1985-09-01 00:00:00.000000,,,,,,,,,7.6,,
100,1985-09-01 00:00:00.000000,,,,,,,,,,8.0564612,
101,1985-10-01 00:00:00.000000,,,,,,,,,,7.8474971,
153,1985-10-01 00:00:00.000000,,,,,,,,,,,
154,1985-11-01 00:00:00.000000,,,,,,,,,,,
102,1985-11-01 00:00:00.000000,,,,,,,,,,7.9491424,
155,1985-12-01 00:00:00.000000,,,,,,,,,,,
103,1985-12-01 00:00:00.000000,,,,,,,,,,7.7833077,
158,1985-12-01 00:00:00.000000,,,,,,,,,8.3,,
104,1986-01-01 00:00:00.000000,,,,,,,,,,7.804374,
156,1986-01-01 00:00:00.000000,,,,,,,,,,,
157,1986-02-01 00:00:00.000000,,,,,,,,,,,
105,1986-02-01 00:00:00.000000,,,,,,,,,,8.0025254,
158,1986-03-01 00:00:00.000000,,,,,,,,,,,
159,1986-03-01 00:00:00.000000,,,,,,,,,9.2,,
106,1986-03-01 00:00:00.000000,,,,,,,,,,7.9253113,
159,1986-04-01 00:00:00.000000,,,,,,,,,,,
107,1986-04-01 00:00:00.000000,,,,,,,,,,7.9008737,
108,1986-05-01 00:00:00.000000,,,,,,,,,,7.845013,
160,1986-05-01 00:00:00.000000,,,,,,,,,,,
109,1986-06-01 00:00:00.000000,,,,,,,,,,7.6515595,
160,1986-06-01 00:00:00.000000,,,,,,,,,8.5,,
161,1986-06-01 00:00:00.000000,,,,,,,,,,,
162,1986-07-01 00:00:00.000000,,,,,,,,,,,
110,1986-07-01 00:00:00.000000,,,,,,,,,,8.1104634,
111,1986-08-01 00:00:00.000000,,,,,,,,,,8.2382199,
163,1986-08-01 00:00:00.000000,,,,,,,,,,,15.959999999999999
112,1986-09-01 00:00:00.000000,,,,,,,,,,8.3371796,
164,1986-09-01 00:00:00.000000,,,,,,,,,,,15.76
161,1986-09-01 00:00:00.000000,,,,,,,,,8.8,,
165,1986-10-01 00:00:00.000000,,,,,,,,,,,
113,1986-10-01 00:00:00.000000,,,,,,,,,,8.3086853,
166,1986-11-01 00:00:00.000000,,,,,,,,,,,
114,1986-11-01 00:00:00.000000,,,,,,,,,,8.3176442,
115,1986-12-01 00:00:00.000000,,,,,,,,,,8.3618718,
162,1986-12-01 00:00:00.000000,,,,,,,,,9.6,,
167,1986-12-01 00:00:00.000000,,,,,,,,,,,
116,1987-01-01 00:00:00.000000,,,,,,,,,,8.1853588,
168,1987-01-01 00:00:00.000000,,,,,,,,,,,
169,1987-02-01 00:00:00.000000,,,,,,,,,,,
117,1987-02-01 00:00:00.000000,,,,,,,,,,8.2107081,
163,1987-03-01 00:00:00.000000,,,,,,,,,9.4,,
170,1987-03-01 00:00:00.000000,,,,,,,,,,,
118,1987-03-01 00:00:00.000000,,,,,,,,,,8.4328774,
171,1987-04-01 00:00:00.000000,,,,,,,,,,,
119,1987-04-01 00:00:00.000000,,,,,,,,,,8.3003249,
120,1987-05-01 00:00:00.000000,,,,,,,,,,8.2002294,
172,1987-05-01 00:00:00.000000,,,,,,,,,,,
173,1987-06-01 00:00:00.000000,,,,,,,,,,,
164,1987-06-01 00:00:00.000000,,,,,,,,,9.3,,
121,1987-06-01 00:00:00.000000,,,,,,,,,,8.0071895,
174,1987-07-01 00:00:00.000000,,,,,,,,,,,
122,1987-07-01 00:00:00.000000,,,,,,,,,,8.0757062,
123,1987-08-01 00:00:00.000000,,,,,,,,,,8.1046249,
175,1987-08-01 00:00:00.000000,,,,,,,,,,,19.28
124,1987-09-01 00:00:00.000000,,,,,,,,,,7.7544565,
165,1987-09-01 00:00:00.000000,,,,,,,,,8.3,,
176,1987-09-01 00:00:00.000000,,,,,,,,,,,18.96
177,1987-10-01 00:00:00.000000,,,,,,,,,,,
125,1987-10-01 00:00:00.000000,,,,,,,,,,8.0848973,
178,1987-11-01 00:00:00.000000,,,,,,,,,,,
126,1987-11-01 00:00:00.000000,,,,,,,,,,7.9300199,
166,1987-12-01 00:00:00.000000,,,,,,,,,7.2,,
179,1987-12-01 00:00:00.000000,,,,,,,,,,,
127,1987-12-01 00:00:00.000000,,,,,,,,,,7.7268669,
128,1988-01-01 00:00:00.000000,,,,,,,,,,7.6296398,
180,1988-01-01 00:00:00.000000,,,,,,,,,,,
129,1988-02-01 00:00:00.000000,,,,,,,,,,7.4167386,
181,1988-02-01 00:00:00.000000,,,,,,,,,,,
130,1988-03-01 00:00:00.000000,,,,,,,,,,7.5012557,
167,1988-03-01 00:00:00.000000,,,,,,,,,6.8,,
182,1988-03-01 00:00:00.000000,,,,,,,,,,,
131,1988-04-01 00:00:00.000000,,,,,,,,,,7.9129611,
183,1988-04-01 00:00:00.000000,,,,,,,,,,,
184,1988-05-01 00:00:00.000000,,,,,,,,,,,
132,1988-05-01 00:00:00.000000,,,,,,,,,,7.4499927,
185,1988-06-01 00:00:00.000000,,,,,,,,,,,
133,1988-06-01 00:00:00.000000,,,,,,,,,,7.582516,
168,1988-06-01 00:00:00.000000,,,,,,,,,7.2,,
186,1988-07-01 00:00:00.000000,,,,,,,,,,,
134,1988-07-01 00:00:00.000000,,,,,,,,,,6.7562957,
187,1988-08-01 00:00:00.000000,,,,,,,,,,,21.64
135,1988-08-01 00:00:00.000000,,,,,,,,,,7.0679504,
188,1988-09-01 00:00:00.000000,,,,,,,,,,,22.48
169,1988-09-01 00:00:00.000000,,,,,,,,,7.3,,
136,1988-09-01 00:00:00.000000,,,,,,,,,,6.9337994,
137,1988-10-01 00:00:00.000000,,,,,,,,,,6.8171916,
189,1988-10-01 00:00:00.000000,,,,,,,,,,,
190,1988-11-01 00:00:00.000000,,,,,,,,,,,
138,1988-11-01 00:00:00.000000,,,,,,,,,,6.6118802,
170,1988-12-01 00:00:00.000000,,,,,,,,,7.6,,
191,1988-12-01 00:00:00.000000,,,,,,,,,,,
139,1988-12-01 00:00:00.000000,,,,,,,,,,6.8315179,
192,1989-01-01 00:00:00.000000,,,,,,,,,,,
140,1989-01-01 00:00:00.000000,,,,,,,,,,6.805989,
193,1989-02-01 00:00:00.000000,,,,,,,,,,,
141,1989-02-01 00:00:00.000000,,,,,,,,,,6.637787,
171,1989-03-01 00:00:00.000000,,,,,,,,,6.8,,
194,1989-03-01 00:00:00.000000,,,,,,,,,,,
142,1989-03-01 00:00:00.000000,,,,,,,,,,6.3441117,
143,1989-04-01 00:00:00.000000,,,,,,,,,,6.2000456,
195,1989-04-01 00:00:00.000000,,,,,,,,,,,
144,1989-05-01 00:00:00.000000,,,,,,,,,,6.2790677,
196,1989-05-01 00:00:00.000000,,,,,,,,,,,
172,1989-06-01 00:00:00.000000,,,,,,,,,7.5,,
145,1989-06-01 00:00:00.000000,,,,,,,,,,6.0112944,
197,1989-06-01 00:00:00.000000,,,,,,,,,,,
198,1989-07-01 00:00:00.000000,,,,,,,,,,,
146,1989-07-01 00:00:00.000000,,,,,,,,,,6.0394441,
199,1989-08-01 00:00:00.000000,,,,,,,,,,,15.76
147,1989-08-01 00:00:00.000000,,,,,,,,,,5.9440442000000004,
200,1989-09-01 00:00:00.000000,,,,,,,,,,,16.4
148,1989-09-01 00:00:00.000000,,,,,,,,,,6.030638,
173,1989-09-01 00:00:00.000000,,,,,,,,,8.0,,
149,1989-10-01 00:00:00.000000,,,,,,,,,,5.9238784,
201,1989-10-01 00:00:00.000000,,,,,,,,,,,
202,1989-11-01 00:00:00.000000,,,,,,,,,,,
150,1989-11-01 00:00:00.000000,,,,,,,,,,5.7861008,
151,1989-12-01 00:00:00.000000,,,,,,,,,,5.8472772,
203,1989-12-01 00:00:00.000000,,,,,,,,,,,
174,1989-12-01 00:00:00.000000,,,,,,,,,7.8,,
152,1990-01-01 00:00:00.000000,,,,,,,,,,6.1113067,
204,1990-01-01 00:00:00.000000,,,,,,,,,,,
153,1990-02-01 00:00:00.000000,,,,,,,,,,6.3917695,
205,1990-02-01 00:00:00.000000,,,,,,,,,,,
175,1990-03-01 00:00:00.000000,,,,,,,,,8.7,,
206,1990-03-01 00:00:00.000000,,,,,,,,,,,
154,1990-03-01 00:00:00.000000,,,,,,,,,,6.1881284,
155,1990-04-01 00:00:00.000000,,,,,,,,,,6.2788369,
207,1990-04-01 00:00:00.000000,,,,,,,,,,,
208,1990-05-01 00:00:00.000000,,,,,,,,,,,
156,1990-05-01 00:00:00.000000,,,,,,,,,,6.5040188,
157,1990-06-01 00:00:00.000000,,,,,,,,,,6.6082013,
209,1990-06-01 00:00:00.000000,,,,,,,,,,,
176,1990-06-01 00:00:00.000000,,,,,,,,,7.7,,
158,1990-07-01 00:00:00.000000,,,,,,,,,,7.096962,
210,1990-07-01 00:00:00.000000,,,,,,,,,,,
211,1990-08-01 00:00:00.000000,,,,,,,,,,,16.78
159,1990-08-01 00:00:00.000000,,,,,,,,,,7.211511,
355,1990-08-02 00:00:00.000000,14.0,,,,,,,,,,
212,1990-09-01 00:00:00.000000,,,,,,,,,,,15.12
160,1990-09-01 00:00:00.000000,,,,,,,,,,7.3738054,
177,1990-09-01 00:00:00.000000,,,,,,,,,6.1,,
354,1990-09-05 00:00:00.000000,14.0,,,,,,,,,,
161,1990-10-01 00:00:00.000000,,,,,,,,,,7.6371012,
213,1990-10-01 00:00:00.000000,,,,,,,,,,,
353,1990-10-15 00:00:00.000000,13.0,,,,,,,,,,
214,1990-11-01 00:00:00.000000,,,,,,,,,,,
162,1990-11-01 00:00:00.000000,,,,,,,,,,7.9454199,
352,1990-11-07 00:00:00.000000,13.0,,,,,,,,,,
178,1990-12-01 00:00:00.000000,,,,,,,,,6.9,,
163,1990-12-01 00:00:00.000000,,,,,,,,,,8.0183767,
215,1990-12-01 00:00:00.000000,,,,,,,,,,,
351,1990-12-18 00:00:00.000000,12.0,,,,,,,,,,
216,1991-01-01 00:00:00.000000,,,,,,,,,,,
164,1991-01-01 00:00:00.000000,,,,,,,,,,8.3962109,
217,1991-02-01 00:00:00.000000,,,,,,,,,,,
165,1991-02-01 00:00:00.000000,,,,,,,,,,8.6173822,
350,1991-02-06 00:00:00.000000,12.0,,,,,,,,,,
218,1991-03-01 00:00:00.000000,,,,,,,,,,,
166,1991-03-01 00:00:00.000000,,,,,,,,,,9.1855815,
179,1991-03-01 00:00:00.000000,,,,,,,,,4.8,,
349,1991-03-06 00:00:00.000000,12.0,,,,,,,,,,
219,1991-04-01 00:00:00.000000,,,,,,,,,,,
167,1991-04-01 00:00:00.000000,,,,,,,,,,9.8601731,
348,1991-04-04 00:00:00.000000,11.5,,,,,,,,,,
220,1991-05-01 00:00:00.000000,,,,,,,,,,,
168,1991-05-01 00:00:00.000000,,,,,,,,,,9.5024596,
347,1991-05-16 00:00:00.000000,10.5,,,,,,,,,,
180,1991-06-01 00:00:00.000000,,,,,,,,,3.3,,
169,1991-06-01 00:00:00.000000,,,,,,,,,,9.5536028,
221,1991-06-01 00:00:00.000000,,,,,,,,,,,
346,1991-06-14 00:00:00.000000,10.5,,,,,,,,,,
222,1991-07-01 00:00:00.000000,,,,,,,,,,,
170,1991-07-01 00:00:00.000000,,,,,,,,,,9.6767579,
345,1991-07-03 00:00:00.000000,10.5,,,,,,,,,,
344,1991-07-31 00:00:00.000000,10.5,,,,,,,,,,
171,1991-08-01 00:00:00.000000,,,,,,,,,,9.7901683,
223,1991-08-01 00:00:00.000000,,,,,,,,,,,19.04
172,1991-09-01 00:00:00.000000,,,,,,,,,,10.0320815,
224,1991-09-01 00:00:00.000000,,,,,,,,,,,18.66
181,1991-09-01 00:00:00.000000,,,,,,,,,3.1,,
343,1991-09-03 00:00:00.000000,9.5,,,,,,,,,,
225,1991-10-01 00:00:00.000000,,,,,,,,,,,
173,1991-10-01 00:00:00.000000,,,,,,,,,,9.98722,
342,1991-10-02 00:00:00.000000,9.5,,,,,,,,,,
174,1991-11-01 00:00:00.000000,,,,,,,,,,10.1973485,
226,1991-11-01 00:00:00.000000,,,,,,,,,,,
341,1991-11-06 00:00:00.000000,8.5,,,,,,,,,,
227,1991-12-01 00:00:00.000000,,,,,,,,,,,
182,1991-12-01 00:00:00.000000,,,,,,,,,1.5,,
175,1991-12-01 00:00:00.000000,,,,,,,,,,10.472933,
340,1991-12-04 00:00:00.000000,8.5,,,,,,,,,,
176,1992-01-01 00:00:00.000000,,,,,,,,,,10.3462104,
228,1992-01-01 00:00:00.000000,,,,,,,,,,,
339,1992-01-08 00:00:00.000000,7.5,,,,,,,,,,
177,1992-02-01 00:00:00.000000,,,,,,,,,,10.4056834,
229,1992-02-01 00:00:00.000000,,,,,,,,,,,
338,1992-02-05 00:00:00.000000,7.5,,,,,,,,,,
183,1992-03-01 00:00:00.000000,,,,,,,,,1.7,,
178,1992-03-01 00:00:00.000000,,,,,,,,,,10.4980617,
230,1992-03-01 00:00:00.000000,,,,,,,,,,,
337,1992-03-04 00:00:00.000000,7.5,,,,,,,,,,
179,1992-04-01 00:00:00.000000,,,,,,,,,,10.470728,
231,1992-04-01 00:00:00.000000,,,,,,,,,,,
336,1992-04-08 00:00:00.000000,7.5,,,,,,,,,,
180,1992-05-01 00:00:00.000000,,,,,,,,,,10.6185962,
232,1992-05-01 00:00:00.000000,,,,,,,,,,,
335,1992-05-06 00:00:00.000000,6.5,,,,,,,,,,
233,1992-06-01 00:00:00.000000,,,,,,,,,,,
181,1992-06-01 00:00:00.000000,,,,,,,,,,10.8114794,
184,1992-06-01 00:00:00.000000,,,,,,,,,1.2,,
334,1992-06-03 00:00:00.000000,6.5,,,,,,,,,,
182,1992-07-01 00:00:00.000000,,,,,,,,,,11.1342626,
234,1992-07-01 00:00:00.000000,,,,,,,,,,,
333,1992-07-08 00:00:00.000000,5.75,,,,,,,,,,
332,1992-07-29 00:00:00.000000,5.75,,,,,,,,,,
183,1992-08-01 00:00:00.000000,,,,,,,,,,10.7225709,
235,1992-08-01 00:00:00.000000,,,,,,,,,,,19.380000000000003
236,1992-09-01 00:00:00.000000,,,,,,,,,,,19.36
185,1992-09-01 00:00:00.000000,,,,,,,,,0.8,,
184,1992-09-01 00:00:00.000000,,,,,,,,,,10.6160497,
331,1992-09-02 00:00:00.000000,5.75,,,,,,,,,,
185,1992-10-01 00:00:00.000000,,,,,,,,,,11.0916461,
237,1992-10-01 00:00:00.000000,,,,,,,,,,,
330,1992-10-07 00:00:00.000000,5.75,,,,,,,,,,
238,1992-11-01 00:00:00.000000,,,,,,,,,,,
186,1992-11-01 00:00:00.000000,,,,,,,,,,11.1361078,
329,1992-11-04 00:00:00.000000,5.75,,,,,,,,,,
239,1992-12-01 00:00:00.000000,,,,,,,,,,,
187,1992-12-01 00:00:00.000000,,,,,,,,,,11.2169341,
186,1992-12-01 00:00:00.000000,,,,,,,,,0.3,,
328,1992-12-02 00:00:00.000000,5.75,,,,,,,,,,
240,1993-01-01 00:00:00.000000,,,,,,,,,,,
188,1993-01-01 00:00:00.000000,,,,,,,,,,10.8331496,
241,1993-02-01 00:00:00.000000,,,,,,,,,,,
189,1993-02-01 00:00:00.000000,,,,,,,,,,11.0152639,
327,1993-02-03 00:00:00.000000,5.75,,,,,,,,,,
187,1993-03-01 00:00:00.000000,,,,,,,,,1.2,,
242,1993-03-01 00:00:00.000000,,,,,,,,,,,
190,1993-03-01 00:00:00.000000,,,,,,,,,,10.8587087,
326,1993-03-23 00:00:00.000000,5.25,,,,,,,,,,
243,1993-04-01 00:00:00.000000,,,,,,,,,,,
191,1993-04-01 00:00:00.000000,,,,,,,,,,10.7623203,
325,1993-04-07 00:00:00.000000,5.25,,,,,,,,,,
192,1993-05-01 00:00:00.000000,,,,,,,,,,10.7866116,
244,1993-05-01 00:00:00.000000,,,,,,,,,,,
324,1993-05-05 00:00:00.000000,5.25,,,,,,,,,,
245,1993-06-01 00:00:00.000000,,,,,,,,,,,
193,1993-06-01 00:00:00.000000,,,,,,,,,,10.9942201,
188,1993-06-01 00:00:00.000000,,,,,,,,,1.8,,
323,1993-06-02 00:00:00.000000,5.25,,,,,,,,,,
246,1993-07-01 00:00:00.000000,,,,,,,,,,,
194,1993-07-01 00:00:00.000000,,,,,,,,,,10.9424273,
322,1993-07-07 00:00:00.000000,5.25,,,,,,,,,,
321,1993-07-30 00:00:00.000000,4.75,,,,,,,,,,
195,1993-08-01 00:00:00.000000,,,,,,,,,,10.983428,
247,1993-08-01 00:00:00.000000,,,,,,,,,,,20.16
189,1993-09-01 00:00:00.000000,,,,,,,,,2.2,,
248,1993-09-01 00:00:00.000000,,,,,,,,,,,18.04
196,1993-09-01 00:00:00.000000,,,,,,,,,,10.7409519,
320,1993-09-08 00:00:00.000000,4.75,,,,,,,,,,
249,1993-10-01 00:00:00.000000,,,,,,,,,,,
197,1993-10-01 00:00:00.000000,,,,,,,,,,10.9577551,
319,1993-10-06 00:00:00.000000,4.75,,,,,,,,,,
250,1993-11-01 00:00:00.000000,,,,,,,,,,,
198,1993-11-01 00:00:00.000000,,,,,,,,,,10.9489098,
318,1993-11-03 00:00:00.000000,4.75,,,,,,,,,,
251,1993-12-01 00:00:00.000000,,,,,,,,,,,
199,1993-12-01 00:00:00.000000,,,,,,,,,,10.7561994,
190,1993-12-01 00:00:00.000000,,,,,,,,,1.8,,
317,1993-12-08 00:00:00.000000,4.75,,,,,,,,,,
252,1994-01-01 00:00:00.000000,,,,,,,,,,,
200,1994-01-01 00:00:00.000000,,,,,,,,,,10.5682313,
201,1994-02-01 00:00:00.000000,,,,,,,,,,10.3997608,
253,1994-02-01 00:00:00.000000,,,,,,,,,,,
316,1994-02-02 00:00:00.000000,4.75,,,,,,,,,,
191,1994-03-01 00:00:00.000000,,,,,,,,,1.5,,
202,1994-03-01 00:00:00.000000,,,,,,,,,,10.353673,
254,1994-03-01 00:00:00.000000,,,,,,,,,,,
315,1994-03-02 00:00:00.000000,4.75,,,,,,,,,,
314,1994-03-30 00:00:00.000000,4.75,,,,,,,,,,
203,1994-04-01 00:00:00.000000,,,,,,,,,,10.0617545,
255,1994-04-01 00:00:00.000000,,,,,,,,,,,
256,1994-05-01 00:00:00.000000,,,,,,,,,,,
204,1994-05-01 00:00:00.000000,,,,,,,,,,9.7668188,
313,1994-05-04 00:00:00.000000,4.75,,,,,,,,,,
205,1994-06-01 00:00:00.000000,,,,,,,,,,9.8218179,
192,1994-06-01 00:00:00.000000,,,,,,,,,1.8,,
257,1994-06-01 00:00:00.000000,,,,,,,,,,,
312,1994-06-08 00:00:00.000000,4.75,,,,,,,,,,
206,1994-07-01 00:00:00.000000,,,,,,,,,,9.6304629,
258,1994-07-01 00:00:00.000000,,,,,,,,,,,
311,1994-07-06 00:00:00.000000,4.75,,,,,,,,,,
310,1994-07-27 00:00:00.000000,4.75,,,,,,,,,,
259,1994-08-01 00:00:00.000000,,,,,,,,,,,24.759999999999998
207,1994-08-01 00:00:00.000000,,,,,,,,,,9.4449993,
309,1994-08-17 00:00:00.000000,5.5,,,,,,,,,,
208,1994-09-01 00:00:00.000000,,,,,,,,,,9.3540178,
260,1994-09-01 00:00:00.000000,,,,,,,,,,,24.72
193,1994-09-01 00:00:00.000000,,,,,,,,,2.0,,
308,1994-09-07 00:00:00.000000,5.5,,,,,,,,,,
209,1994-10-01 00:00:00.000000,,,,,,,,,,9.0929871,
261,1994-10-01 00:00:00.000000,,,,,,,,,,,
307,1994-10-24 00:00:00.000000,6.5,,,,,,,,,,
210,1994-11-01 00:00:00.000000,,,,,,,,,,9.142956,
262,1994-11-01 00:00:00.000000,,,,,,,,,,,
306,1994-11-02 00:00:00.000000,6.5,,,,,,,,,,
194,1994-12-01 00:00:00.000000,,,,,,,,,2.6,,
211,1994-12-01 00:00:00.000000,,,,,,,,,,8.9352988,
263,1994-12-01 00:00:00.000000,,,,,,,,,,,
305,1994-12-14 00:00:00.000000,7.5,,,,,,,,,,
212,1995-01-01 00:00:00.000000,,,,,,,,,,8.8570592,
264,1995-01-01 00:00:00.000000,,,,,,,,,,,
213,1995-02-01 00:00:00.000000,,,,,,,,,,8.8241696,
265,1995-02-01 00:00:00.000000,,,,,,,,,,,
304,1995-02-08 00:00:00.000000,7.5,,,,,,,,,,
214,1995-03-01 00:00:00.000000,,,,,,,,,,8.6168889,
266,1995-03-01 00:00:00.000000,,,,,,,,,,,
195,1995-03-01 00:00:00.000000,,,,,,,,,3.7,,
303,1995-03-08 00:00:00.000000,7.5,,,,,,,,,,
267,1995-04-01 00:00:00.000000,,,,,,,,,,,
215,1995-04-01 00:00:00.000000,,,,,,,,,,8.2659952,
302,1995-04-05 00:00:00.000000,7.5,,,,,,,,,,
216,1995-05-01 00:00:00.000000,,,,,,,,,,8.4750746,
268,1995-05-01 00:00:00.000000,,,,,,,,,,,
301,1995-05-03 00:00:00.000000,7.5,,,,,,,,,,
196,1995-06-01 00:00:00.000000,,,,,,,,,4.5,,
269,1995-06-01 00:00:00.000000,,,,,,,,,,,
217,1995-06-01 00:00:00.000000,,,,,,,,,,8.3550333,
300,1995-06-07 00:00:00.000000,7.5,,,,,,,,,,
218,1995-07-01 00:00:00.000000,,,,,,,,,,8.4262494,
270,1995-07-01 00:00:00.000000,,,,,,,,,,,
299,1995-07-05 00:00:00.000000,7.5,,,,,,,,,,
298,1995-07-26 00:00:00.000000,7.5,,,,,,,,,,
271,1995-08-01 00:00:00.000000,,,,,,,,,,,23.1
219,1995-08-01 00:00:00.000000,,,,,,,,,,8.3203697,
220,1995-09-01 00:00:00.000000,,,,,,,,,,8.362804,
197,1995-09-01 00:00:00.000000,,,,,,,,,5.1,,
272,1995-09-01 00:00:00.000000,,,,,,,,,,,22.34
297,1995-09-06 00:00:00.000000,7.5,,,,,,,,,,
273,1995-10-01 00:00:00.000000,,,,,,,,,,,
221,1995-10-01 00:00:00.000000,,,,,,,,,,8.5755374,
296,1995-10-04 00:00:00.000000,7.5,,,,,,,,,,
274,1995-11-01 00:00:00.000000,,,,,,,,,,,
222,1995-11-01 00:00:00.000000,,,,,,,,,,8.4518973,
295,1995-11-08 00:00:00.000000,7.5,,,,,,,,,,
223,1995-12-01 00:00:00.000000,,,,,,,,,,8.1442106,
198,1995-12-01 00:00:00.000000,,,,,,,,,5.1,,
275,1995-12-01 00:00:00.000000,,,,,,,,,,,
294,1995-12-06 00:00:00.000000,7.5,,,,,,,,,,
276,1996-01-01 00:00:00.000000,,,,,,,,,,,
224,1996-01-01 00:00:00.000000,,,,,,,,,,8.4546383,
225,1996-02-01 00:00:00.000000,,,,,,,,,,8.3272695,
277,1996-02-01 00:00:00.000000,,,,,,,,,,,
293,1996-02-07 00:00:00.000000,7.5,,,,,,,,,,
199,1996-03-01 00:00:00.000000,,,,,,,,,3.8,,
226,1996-03-01 00:00:00.000000,,,,,,,,,,8.4210282,
278,1996-03-01 00:00:00.000000,,,,,,,,,,,
292,1996-03-06 00:00:00.000000,7.5,,,,,,,,,,
227,1996-04-01 00:00:00.000000,,,,,,,,,,8.5743029,
279,1996-04-01 00:00:00.000000,,,,,,,,,,,
291,1996-04-03 00:00:00.000000,7.5,,,,,,,,,,
280,1996-05-01 00:00:00.000000,,,,,,,,,,,
228,1996-05-01 00:00:00.000000,,,,,,,,,,8.4149778,
290,1996-05-08 00:00:00.000000,7.5,,,,,,,,,,
281,1996-06-01 00:00:00.000000,,,,,,,,,,,
200,1996-06-01 00:00:00.000000,,,,,,,,,3.1,,
229,1996-06-01 00:00:00.000000,,,,,,,,,,8.2564247,
289,1996-06-05 00:00:00.000000,7.5,,,,,,,,,,
230,1996-07-01 00:00:00.000000,,,,,,,,,,8.5677966,
282,1996-07-01 00:00:00.000000,,,,,,,,,,,
288,1996-07-03 00:00:00.000000,7.5,,,,,,,,,,
287,1996-07-31 00:00:00.000000,7.0,,,,,,,,,,
283,1996-08-01 00:00:00.000000,,,,,,,,,,,22.880000000000003
231,1996-08-01 00:00:00.000000,,,,,,,,,,8.7221672,
232,1996-09-01 00:00:00.000000,,,,,,,,,,8.5762566,
284,1996-09-01 00:00:00.000000,,,,,,,,,,,22.64
201,1996-09-01 00:00:00.000000,,,,,,,,,2.1,,
286,1996-09-04 00:00:00.000000,7.0,,,,,,,,,,
285,1996-10-01 00:00:00.000000,,,,,,,,,,,
233,1996-10-01 00:00:00.000000,,,,,,,,,,8.7599053,
285,1996-10-02 00:00:00.000000,7.0,,,,,,,,,,
286,1996-11-01 00:00:00.000000,,,,,,,,,,,
234,1996-11-01 00:00:00.000000,,,,,,,,,,8.4705812,
284,1996-11-06 00:00:00.000000,6.5,,,,,,,,,,
202,1996-12-01 00:00:00.000000,,,,,,,,,1.5,,
287,1996-12-01 00:00:00.000000,,,,,,,,,,,
235,1996-12-01 00:00:00.000000,,,,,,,,,,8.6309612,
283,1996-12-11 00:00:00.000000,6.0,,,,,,,,,,
236,1997-01-01 00:00:00.000000,,,,,,,,,,8.5665832,
288,1997-01-01 00:00:00.000000,,,,,,,,,,,
289,1997-02-01 00:00:00.000000,,,,,,,,,,,
237,1997-02-01 00:00:00.000000,,,,,,,,,,8.7031945,
282,1997-02-05 00:00:00.000000,6.0,,,,,,,,,,
290,1997-03-01 00:00:00.000000,,,,,,,,,,,
238,1997-03-01 00:00:00.000000,,,,,,,,,,8.5923029,
203,1997-03-01 00:00:00.000000,,,,,,,,,1.4,,
281,1997-03-05 00:00:00.000000,6.0,,,,,,,,,,
239,1997-04-01 00:00:00.000000,,,,,,,,,,8.5665859,
291,1997-04-01 00:00:00.000000,,,,,,,,,,,
280,1997-04-02 00:00:00.000000,6.0,,,,,,,,,,
240,1997-05-01 00:00:00.000000,,,,,,,,,,8.5482634,
292,1997-05-01 00:00:00.000000,,,,,,,,,,,
279,1997-05-07 00:00:00.000000,6.0,,,,,,,,,,
278,1997-05-23 00:00:00.000000,5.5,,,,,,,,,,
293,1997-06-01 00:00:00.000000,,,,,,,,,,,
204,1997-06-01 00:00:00.000000,,,,,,,,,0.3,,
241,1997-06-01 00:00:00.000000,,,,,,,,,,8.3324357,
277,1997-06-04 00:00:00.000000,5.5,,,,,,,,,,
294,1997-07-01 00:00:00.000000,,,,,,,,,,,
242,1997-07-01 00:00:00.000000,,,,,,,,,,8.5893221,
276,1997-07-02 00:00:00.000000,5.5,,,,,,,,,,
275,1997-07-30 00:00:00.000000,5.0,,,,,,,,,,
295,1997-08-01 00:00:00.000000,,,,,,,,,,,22.34
243,1997-08-01 00:00:00.000000,,,,,,,,,,8.4656127,
274,1997-08-06 00:00:00.000000,5.0,,,,,,,,,,
244,1997-09-01 00:00:00.000000,,,,,,,,,,8.0682322,
205,1997-09-01 00:00:00.000000,,,,,,,,,-0.4,,
296,1997-09-01 00:00:00.000000,,,,,,,,,,,22.48
273,1997-09-03 00:00:00.000000,5.0,,,,,,,,,,
245,1997-10-01 00:00:00.000000,,,,,,,,,,8.0333958,
297,1997-10-01 00:00:00.000000,,,,,,,,,,,
272,1997-10-08 00:00:00.000000,5.0,,,,,,,,,,
246,1997-11-01 00:00:00.000000,,,,,,,,,,7.9869258,
298,1997-11-01 00:00:00.000000,,,,,,,,,,,
271,1997-11-05 00:00:00.000000,5.0,,,,,,,,,,
206,1997-12-01 00:00:00.000000,,,,,,,,,-0.3,,
247,1997-12-01 00:00:00.000000,,,,,,,,,,7.910713,
299,1997-12-01 00:00:00.000000,,,,,,,,,,,
270,1997-12-03 00:00:00.000000,5.0,,,,,,,,,,
248,1998-01-01 00:00:00.000000,,,,,,,,,,7.8652832,
300,1998-01-01 00:00:00.000000,,,,,,,,,,,
249,1998-02-01 00:00:00.000000,,,,,,,,,,7.772903,
301,1998-02-01 00:00:00.000000,,,,,,,,,,,
269,1998-02-04 00:00:00.000000,5.0,,,,,,,,,,
250,1998-03-01 00:00:00.000000,,,,,,,,,,7.8834724,
207,1998-03-01 00:00:00.000000,,,,,,,,,-0.1,,
302,1998-03-01 00:00:00.000000,,,,,,,,,,,
268,1998-03-04 00:00:00.000000,5.0,,,,,,,,,,
251,1998-04-01 00:00:00.000000,,,,,,,,,,7.6025175,
303,1998-04-01 00:00:00.000000,,,,,,,,,,,
267,1998-04-08 00:00:00.000000,5.0,,,,,,,,,,
304,1998-05-01 00:00:00.000000,,,,,,,,,,,
252,1998-05-01 00:00:00.000000,,,,,,,,,,7.7653778,
266,1998-05-06 00:00:00.000000,5.0,,,,,,,,,,
305,1998-06-01 00:00:00.000000,,,,,,,,,,,
253,1998-06-01 00:00:00.000000,,,,,,,,,,7.8331758,
208,1998-06-01 00:00:00.000000,,,,,,,,,0.7,,
265,1998-06-03 00:00:00.000000,5.0,,,,,,,,,,
306,1998-07-01 00:00:00.000000,,,,,,,,,,,
254,1998-07-01 00:00:00.000000,,,,,,,,,,7.9747347,
264,1998-07-08 00:00:00.000000,5.0,,,,,,,,,,
255,1998-08-01 00:00:00.000000,,,,,,,,,,7.7559042,
307,1998-08-01 00:00:00.000000,,,,,,,,,,,22.22
263,1998-08-05 00:00:00.000000,5.0,,,,,,,,,,
308,1998-09-01 00:00:00.000000,,,,,,,,,,,22.2
256,1998-09-01 00:00:00.000000,,,,,,,,,,7.6340767,
209,1998-09-01 00:00:00.000000,,,,,,,,,1.4,,
262,1998-09-02 00:00:00.000000,5.0,,,,,,,,,,
309,1998-10-01 00:00:00.000000,,,,,,,,,,,
257,1998-10-01 00:00:00.000000,,,,,,,,,,7.3138564,
261,1998-10-07 00:00:00.000000,5.0,,,,,,,,,,
258,1998-11-01 00:00:00.000000,,,,,,,,,,7.6270114,
310,1998-11-01 00:00:00.000000,,,,,,,,,,,
260,1998-11-04 00:00:00.000000,5.0,,,,,,,,,,
311,1998-12-01 00:00:00.000000,,,,,,,,,,,
259,1998-12-01 00:00:00.000000,,,,,,,,,,7.1838445,
210,1998-12-01 00:00:00.000000,,,,,,,,,1.5,,
259,1998-12-02 00:00:00.000000,4.75,,,,,,,,,,
260,1999-01-01 00:00:00.000000,,,,,,,,,,7.1191639,
312,1999-01-01 00:00:00.000000,,,,,,,,,,,
313,1999-02-01 00:00:00.000000,,,,,,,,,,,
261,1999-02-01 00:00:00.000000,,,,,,,,,,7.1154936,
258,1999-02-03 00:00:00.000000,4.75,,,,,,,,,,
262,1999-03-01 00:00:00.000000,,,,,,,,,,7.0129306,
211,1999-03-01 00:00:00.000000,,,,,,,,,1.2,,
314,1999-03-01 00:00:00.000000,,,,,,,,,,,
257,1999-03-03 00:00:00.000000,4.75,,,,,,,,,,
263,1999-04-01 00:00:00.000000,,,,,,,,,,6.9787877,
315,1999-04-01 00:00:00.000000,,,,,,,,,,,
256,1999-04-07 00:00:00.000000,4.75,,,,,,,,,,
316,1999-05-01 00:00:00.000000,,,,,,,,,,,
264,1999-05-01 00:00:00.000000,,,,,,,,,,7.0256451,
255,1999-05-05 00:00:00.000000,4.75,,,,,,,,,,
265,1999-06-01 00:00:00.000000,,,,,,,,,,6.6540256,
212,1999-06-01 00:00:00.000000,,,,,,,,,1.0,,
317,1999-06-01 00:00:00.000000,,,,,,,,,,,
254,1999-06-02 00:00:00.000000,4.75,,,,,,,,,,
266,1999-07-01 00:00:00.000000,,,,,,,,,,6.6756727,
318,1999-07-01 00:00:00.000000,,,,,,,,,,,
253,1999-07-07 00:00:00.000000,4.75,,,,,,,,,,
319,1999-08-01 00:00:00.000000,,,,,,,,,,,24.56
267,1999-08-01 00:00:00.000000,,,,,,,,,,6.9067219,
252,1999-08-04 00:00:00.000000,4.75,,,,,,,,,,
268,1999-09-01 00:00:00.000000,,,,,,,,,,7.0422463,
320,1999-09-01 00:00:00.000000,,,,,,,,,,,24.46
213,1999-09-01 00:00:00.000000,,,,,,,,,1.8,,
251,1999-09-08 00:00:00.000000,4.75,,,,,,,,,,
321,1999-10-01 00:00:00.000000,,,,,,,,,,,
269,1999-10-01 00:00:00.000000,,,,,,,,,,6.7767762,
250,1999-10-06 00:00:00.000000,4.75,,,,,,,,,,
270,1999-11-01 00:00:00.000000,,,,,,,,,,6.440089,
322,1999-11-01 00:00:00.000000,,,,,,,,,,,
249,1999-11-03 00:00:00.000000,5.0,,,,,,,,,,
214,1999-12-01 00:00:00.000000,,,,,,,,,1.9,,
271,1999-12-01 00:00:00.000000,,,,,,,,,,6.6848312,
323,1999-12-01 00:00:00.000000,,,,,,,,,,,
248,1999-12-08 00:00:00.000000,5.0,,,,,,,,,,
272,2000-01-01 00:00:00.000000,,,,,,,,,,6.768406,
324,2000-01-01 00:00:00.000000,,,,,,,,,,,
325,2000-02-01 00:00:00.000000,,,,,,,,,,,
273,2000-02-01 00:00:00.000000,,,,,,,,,,6.619533,
247,2000-02-02 00:00:00.000000,5.5,,,,,,,,,,
215,2000-03-01 00:00:00.000000,,,,,,,,,2.8,,
274,2000-03-01 00:00:00.000000,,,,,,,,,,6.5653661,
326,2000-03-01 00:00:00.000000,,,,,,,,,,,
246,2000-03-08 00:00:00.000000,5.5,,,,,,,,,,
327,2000-04-01 00:00:00.000000,,,,,,,,,,,
275,2000-04-01 00:00:00.000000,,,,,,,,,,6.3763481,
245,2000-04-05 00:00:00.000000,5.75,,,,,,,,,,
276,2000-05-01 00:00:00.000000,,,,,,,,,,6.4147568,
328,2000-05-01 00:00:00.000000,,,,,,,,,,,
244,2000-05-03 00:00:00.000000,6.0,,,,,,,,,,
329,2000-06-01 00:00:00.000000,,,,,,,,,,,
216,2000-06-01 00:00:00.000000,,,,,,,,,3.1,,
277,2000-06-01 00:00:00.000000,,,,,,,,,,6.1158202,
243,2000-06-07 00:00:00.000000,6.0,,,,,,,,,,
330,2000-07-01 00:00:00.000000,,,,,,,,,,,
278,2000-07-01 00:00:00.000000,,,,,,,,,,5.954507,
242,2000-07-05 00:00:00.000000,6.0,,,,,,,,,,
279,2000-08-01 00:00:00.000000,,,,,,,,,,6.0519656,
331,2000-08-01 00:00:00.000000,,,,,,,,,,,23.82
241,2000-08-02 00:00:00.000000,6.25,,,,,,,,,,
280,2000-09-01 00:00:00.000000,,,,,,,,,,5.9638362,
217,2000-09-01 00:00:00.000000,,,,,,,,,6.1,,
332,2000-09-01 00:00:00.000000,,,,,,,,,,,23.16
240,2000-09-06 00:00:00.000000,6.25,,,,,,,,,,
281,2000-10-01 00:00:00.000000,,,,,,,,,,6.0100949,
333,2000-10-01 00:00:00.000000,,,,,,,,,,,
239,2000-10-04 00:00:00.000000,6.25,,,,,,,,,,
334,2000-11-01 00:00:00.000000,,,,,,,,,,,
282,2000-11-01 00:00:00.000000,,,,,,,,,,6.2618698,
238,2000-11-08 00:00:00.000000,6.25,,,,,,,,,,
335,2000-12-01 00:00:00.000000,,,,,,,,,,,
283,2000-12-01 00:00:00.000000,,,,,,,,,,6.2442847,
218,2000-12-01 00:00:00.000000,,,,,,,,,5.8,,
237,2000-12-06 00:00:00.000000,6.25,,,,,,,,,,
336,2001-01-01 00:00:00.000000,,,,,,,,,,,
284,2001-01-01 00:00:00.000000,,,,,,,,,,6.1405319,
337,2001-02-01 00:00:00.000000,,,,,,,,,,,
285,2001-02-01 00:00:00.000000,,,,,,,,,,6.5021337,
236,2001-02-07 00:00:00.000000,5.75,,,,,,,,,,
219,2001-03-01 00:00:00.000000,,,,,,,,,6.0,,
286,2001-03-01 00:00:00.000000,,,,,,,,,,6.459053,
338,2001-03-01 00:00:00.000000,,,,,,,,,,,
235,2001-03-07 00:00:00.000000,5.5,,,,,,,,,,
339,2001-04-01 00:00:00.000000,,,,,,,,,,,
287,2001-04-01 00:00:00.000000,,,,,,,,,,6.7826698,
234,2001-04-04 00:00:00.000000,5.0,,,,,,,,,,
340,2001-05-01 00:00:00.000000,,,,,,,,,,,
288,2001-05-01 00:00:00.000000,,,,,,,,,,6.8934263,
233,2001-05-02 00:00:00.000000,5.0,,,,,,,,,,
220,2001-06-01 00:00:00.000000,,,,,,,,,6.1,,
289,2001-06-01 00:00:00.000000,,,,,,,,,,6.9338012,
341,2001-06-01 00:00:00.000000,,,,,,,,,,,
232,2001-06-06 00:00:00.000000,5.0,,,,,,,,,,
342,2001-07-01 00:00:00.000000,,,,,,,,,,,
290,2001-07-01 00:00:00.000000,,,,,,,,,,6.8803875,
231,2001-07-04 00:00:00.000000,5.0,,,,,,,,,,
291,2001-08-01 00:00:00.000000,,,,,,,,,,6.881553,
343,2001-08-01 00:00:00.000000,,,,,,,,,,,23.28
230,2001-08-08 00:00:00.000000,5.0,,,,,,,,,,
292,2001-09-01 00:00:00.000000,,,,,,,,,,6.8423475,
344,2001-09-01 00:00:00.000000,,,,,,,,,,,24.18
221,2001-09-01 00:00:00.000000,,,,,,,,,2.5,,
229,2001-09-05 00:00:00.000000,4.75,,,,,,,,,,
345,2001-10-01 00:00:00.000000,,,,,,,,,,,
293,2001-10-01 00:00:00.000000,,,,,,,,,,7.1939629,
228,2001-10-03 00:00:00.000000,4.5,,,,,,,,,,
294,2001-11-01 00:00:00.000000,,,,,,,,,,6.8839165,
346,2001-11-01 00:00:00.000000,,,,,,,,,,,
227,2001-11-07 00:00:00.000000,4.5,,,,,,,,,,
222,2001-12-01 00:00:00.000000,,,,,,,,,3.1,,
295,2001-12-01 00:00:00.000000,,,,,,,,,,6.8617889,
347,2001-12-01 00:00:00.000000,,,,,,,,,,,
226,2001-12-05 00:00:00.000000,4.25,,,,,,,,,,
296,2002-01-01 00:00:00.000000,,,,,,,,,,6.9138519,
348,2002-01-01 00:00:00.000000,,,,,,,,,,,
297,2002-02-01 00:00:00.000000,,,,,,,,,,6.5367818,
349,2002-02-01 00:00:00.000000,,,,,,,,,,,
225,2002-02-06 00:00:00.000000,4.25,,,,,,,,,,
298,2002-03-01 00:00:00.000000,,,,,,,,,,6.430804,
350,2002-03-01 00:00:00.000000,,,,,,,,,,,
223,2002-03-01 00:00:00.000000,,,,,,,,,3.0,,
224,2002-03-06 00:00:00.000000,4.25,,,,,,,,,,
299,2002-04-01 00:00:00.000000,,,,,,,,,,6.3459919,
351,2002-04-01 00:00:00.000000,,,,,,,,,,,
223,2002-04-03 00:00:00.000000,4.25,,,,,,,,,,
300,2002-05-01 00:00:00.000000,,,,,,,,,,6.3730737,
352,2002-05-01 00:00:00.000000,,,,,,,,,,,
222,2002-05-08 00:00:00.000000,4.5,,,,,,,,,,
301,2002-06-01 00:00:00.000000,,,,,,,,,,6.4965783,
224,2002-06-01 00:00:00.000000,,,,,,,,,2.8,,
353,2002-06-01 00:00:00.000000,,,,,,,,,,,
221,2002-06-05 00:00:00.000000,4.75,,,,,,,,,,
302,2002-07-01 00:00:00.000000,,,,,,,,,,6.1798814,
354,2002-07-01 00:00:00.000000,,,,,,,,,,,
220,2002-07-03 00:00:00.000000,4.75,,,,,,,,,,
355,2002-08-01 00:00:00.000000,,,,,,,,,,,23.98
303,2002-08-01 00:00:00.000000,,,,,,,,,,6.350179,
219,2002-08-07 00:00:00.000000,4.75,,,,,,,,,,
225,2002-09-01 00:00:00.000000,,,,,,,,,3.2,,
304,2002-09-01 00:00:00.000000,,,,,,,,,,6.3128732,
356,2002-09-01 00:00:00.000000,,,,,,,,,,,24.419999999999998
218,2002-09-04 00:00:00.000000,4.75,,,,,,,,,,
357,2002-10-01 00:00:00.000000,,,,,,,,,,,
305,2002-10-01 00:00:00.000000,,,,,,,,,,6.1287259,
217,2002-10-02 00:00:00.000000,4.75,,,,,,,,,,
306,2002-11-01 00:00:00.000000,,,,,,,,,,6.1625935,
358,2002-11-01 00:00:00.000000,,,,,,,,,,,
216,2002-11-06 00:00:00.000000,4.75,,,,,,,,,,
359,2002-12-01 00:00:00.000000,,,,,,,,,,,
307,2002-12-01 00:00:00.000000,,,,,,,,,,6.1826919,
226,2002-12-01 00:00:00.000000,,,,,,,,,2.9,,
215,2002-12-04 00:00:00.000000,4.75,,,,,,,,,,
360,2003-01-01 00:00:00.000000,,,,,,,,,,,
308,2003-01-01 00:00:00.000000,,,,,,,,,,6.0815236,
361,2003-02-01 00:00:00.000000,,,,,,,,,,,
309,2003-02-01 00:00:00.000000,,,,,,,,,,5.9553893,
214,2003-02-05 00:00:00.000000,4.75,,,,,,,,,,
227,2003-03-01 00:00:00.000000,,,,,,,,,3.3,,
310,2003-03-01 00:00:00.000000,,,,,,,,,,6.1315699,
362,2003-03-01 00:00:00.000000,,,,,,,,,,,
213,2003-03-05 00:00:00.000000,4.75,,,,,,,,,,
363,2003-04-01 00:00:00.000000,,,,,,,,,,,
311,2003-04-01 00:00:00.000000,,,,,,,,,,6.03016,
212,2003-04-02 00:00:00.000000,4.75,,,,,,,,,,
364,2003-05-01 00:00:00.000000,,,,,,,,,,,
312,2003-05-01 00:00:00.000000,,,,,,,,,,6.0694605,
211,2003-05-07 00:00:00.000000,4.75,,,,,,,,,,
313,2003-06-01 00:00:00.000000,,,,,,,,,,6.0554926,
365,2003-06-01 00:00:00.000000,,,,,,,,,,,
228,2003-06-01 00:00:00.000000,,,,,,,,,2.6,,
210,2003-06-04 00:00:00.000000,4.75,,,,,,,,,,
366,2003-07-01 00:00:00.000000,,,,,,,,,,,
314,2003-07-01 00:00:00.000000,,,,,,,,,,6.128156,
209,2003-07-02 00:00:00.000000,4.75,,,,,,,,,,
315,2003-08-01 00:00:00.000000,,,,,,,,,,5.8185302,
367,2003-08-01 00:00:00.000000,,,,,,,,,,,24.48
208,2003-08-06 00:00:00.000000,4.75,,,,,,,,,,
368,2003-09-01 00:00:00.000000,,,,,,,,,,,24.64
316,2003-09-01 00:00:00.000000,,,,,,,,,,5.7758711,
229,2003-09-01 00:00:00.000000,,,,,,,,,2.6,,
207,2003-09-03 00:00:00.000000,4.75,,,,,,,,,,
369,2003-10-01 00:00:00.000000,,,,,,,,,,,
317,2003-10-01 00:00:00.000000,,,,,,,,,,5.7837512,
206,2003-10-08 00:00:00.000000,4.75,,,,,,,,,,
318,2003-11-01 00:00:00.000000,,,,,,,,,,5.6614462,
370,2003-11-01 00:00:00.000000,,,,,,,,,,,
205,2003-11-05 00:00:00.000000,5.0,,,,,,,,,,
371,2003-12-01 00:00:00.000000,,,,,,,,,,,
319,2003-12-01 00:00:00.000000,,,,,,,,,,5.6818013,
230,2003-12-01 00:00:00.000000,,,,,,,,,2.4,,
204,2003-12-03 00:00:00.000000,5.25,,,,,,,,,,
372,2004-01-01 00:00:00.000000,,,,,,,,,,,
320,2004-01-01 00:00:00.000000,,,,,,,,,,5.5312178,
373,2004-02-01 00:00:00.000000,,,,,,,,,,,
321,2004-02-01 00:00:00.000000,,,,,,,,,,5.6435053,
203,2004-02-04 00:00:00.000000,5.25,,,,,,,,,,
231,2004-03-01 00:00:00.000000,,,,,,,,,2.0,,
374,2004-03-01 00:00:00.000000,,,,,,,,,,,
322,2004-03-01 00:00:00.000000,,,,,,,,,,5.4379471,
202,2004-03-03 00:00:00.000000,5.25,,,,,,,,,,
323,2004-04-01 00:00:00.000000,,,,,,,,,,5.5078429,
375,2004-04-01 00:00:00.000000,,,,,,,,,,,
201,2004-04-07 00:00:00.000000,5.25,,,,,,,,,,
324,2004-05-01 00:00:00.000000,,,,,,,,,,5.3370379,
376,2004-05-01 00:00:00.000000,,,,,,,,,,,
200,2004-05-05 00:00:00.000000,5.25,,,,,,,,,,
377,2004-06-01 00:00:00.000000,,,,,,,,,,,
232,2004-06-01 00:00:00.000000,,,,,,,,,2.5,,
325,2004-06-01 00:00:00.000000,,,,,,,,,,5.4639267,
199,2004-06-02 00:00:00.000000,5.25,,,,,,,,,,
378,2004-07-01 00:00:00.000000,,,,,,,,,,,
326,2004-07-01 00:00:00.000000,,,,,,,,,,5.5506184,
198,2004-07-07 00:00:00.000000,5.25,,,,,,,,,,
379,2004-08-01 00:00:00.000000,,,,,,,,,,,25.52
327,2004-08-01 00:00:00.000000,,,,,,,,,,5.518285,
197,2004-08-04 00:00:00.000000,5.25,,,,,,,,,,
233,2004-09-01 00:00:00.000000,,,,,,,,,2.3,,
328,2004-09-01 00:00:00.000000,,,,,,,,,,5.3713128,
380,2004-09-01 00:00:00.000000,,,,,,,,,,,25.2
196,2004-09-08 00:00:00.000000,5.25,,,,,,,,,,
381,2004-10-01 00:00:00.000000,,,,,,,,,,,
329,2004-10-01 00:00:00.000000,,,,,,,,,,5.123315,
195,2004-10-06 00:00:00.000000,5.25,,,,,,,,,,
382,2004-11-01 00:00:00.000000,,,,,,,,,,,
330,2004-11-01 00:00:00.000000,,,,,,,,,,5.1618409,
194,2004-11-03 00:00:00.000000,5.25,,,,,,,,,,
331,2004-12-01 00:00:00.000000,,,,,,,,,,5.0691804,
383,2004-12-01 00:00:00.000000,,,,,,,,,,,
234,2004-12-01 00:00:00.000000,,,,,,,,,2.5,,
193,2004-12-08 00:00:00.000000,5.25,,,,,,,,,,
384,2005-01-01 00:00:00.000000,,,,,,,,,,,
332,2005-01-01 00:00:00.000000,,,,,,,,,,5.0739428,
385,2005-02-01 00:00:00.000000,,,,,,,,,,,
333,2005-02-01 00:00:00.000000,,,,,,,,,,5.0849524,
192,2005-02-02 00:00:00.000000,5.25,,,,,,,,,,
334,2005-03-01 00:00:00.000000,,,,,,,,,,5.1634326,
235,2005-03-01 00:00:00.000000,,,,,,,,,2.4,,
386,2005-03-01 00:00:00.000000,,,,,,,,,,,
191,2005-03-02 00:00:00.000000,5.5,,,,,,,,,,
387,2005-04-01 00:00:00.000000,,,,,,,,,,,
335,2005-04-01 00:00:00.000000,,,,,,,,,,5.1227194,
190,2005-04-06 00:00:00.000000,5.5,,,,,,,,,,
388,2005-05-01 00:00:00.000000,,,,,,,,,,,
336,2005-05-01 00:00:00.000000,,,,,,,,,,5.09976,
189,2005-05-04 00:00:00.000000,5.5,,,,,,,,,,
337,2005-06-01 00:00:00.000000,,,,,,,,,,4.9505852,
236,2005-06-01 00:00:00.000000,,,,,,,,,2.5,,
389,2005-06-01 00:00:00.000000,,,,,,,,,,,
188,2005-06-08 00:00:00.000000,5.5,,,,,,,,,,
390,2005-07-01 00:00:00.000000,,,,,,,,,,,
338,2005-07-01 00:00:00.000000,,,,,,,,,,4.972316,
187,2005-07-06 00:00:00.000000,5.5,,,,,,,,,,
391,2005-08-01 00:00:00.000000,,,,,,,,,,,24.119999999999997
339,2005-08-01 00:00:00.000000,,,,,,,,,,4.9022298,
186,2005-08-03 00:00:00.000000,5.5,,,,,,,,,,
237,2005-09-01 00:00:00.000000,,,,,,,,,3.1,,
392,2005-09-01 00:00:00.000000,,,,,,,,,,,22.86
340,2005-09-01 00:00:00.000000,,,,,,,,,,5.0026995,
185,2005-09-07 00:00:00.000000,5.5,,,,,,,,,,
393,2005-10-01 00:00:00.000000,,,,,,,,,,,
341,2005-10-01 00:00:00.000000,,,,,,,,,,5.0162372,
184,2005-10-05 00:00:00.000000,5.5,,,,,,,,,,
394,2005-11-01 00:00:00.000000,,,,,,,,,,,
342,2005-11-01 00:00:00.000000,,,,,,,,,,4.9378827,
183,2005-11-02 00:00:00.000000,5.5,,,,,,,,,,
395,2005-12-01 00:00:00.000000,,,,,,,,,,,
343,2005-12-01 00:00:00.000000,,,,,,,,,,5.0707289,
238,2005-12-01 00:00:00.000000,,,,,,,,,2.8,,
182,2005-12-07 00:00:00.000000,5.5,,,,,,,,,,
396,2006-01-01 00:00:00.000000,,,,,,,,,,,
344,2006-01-01 00:00:00.000000,,,,,,,,,,5.1630736,
345,2006-02-01 00:00:00.000000,,,,,,,,,,5.1047305,
397,2006-02-01 00:00:00.000000,,,,,,,,,,,
181,2006-02-08 00:00:00.000000,5.5,,,,,,,,,,
239,2006-03-01 00:00:00.000000,,,,,,,,,2.9,,
346,2006-03-01 00:00:00.000000,,,,,,,,,,4.867808,
398,2006-03-01 00:00:00.000000,,,,,,,,,,,
180,2006-03-08 00:00:00.000000,5.5,,,,,,,,,,
399,2006-04-01 00:00:00.000000,,,,,,,,,,,
347,2006-04-01 00:00:00.000000,,,,,,,,,,4.9666331,
179,2006-04-05 00:00:00.000000,5.5,,,,,,,,,,
348,2006-05-01 00:00:00.000000,,,,,,,,,,4.7983749,
400,2006-05-01 00:00:00.000000,,,,,,,,,,,
178,2006-05-03 00:00:00.000000,5.75,,,,,,,,,,
240,2006-06-01 00:00:00.000000,,,,,,,,,4.0,,
401,2006-06-01 00:00:00.000000,,,,,,,,,,,
349,2006-06-01 00:00:00.000000,,,,,,,,,,4.8086495,
177,2006-06-07 00:00:00.000000,5.75,,,,,,,,,,
350,2006-07-01 00:00:00.000000,,,,,,,,,,4.6570984,
402,2006-07-01 00:00:00.000000,,,,,,,,,,,
176,2006-07-05 00:00:00.000000,5.75,,,,,,,,,,
403,2006-08-01 00:00:00.000000,,,,,,,,,,,20.740000000000002
351,2006-08-01 00:00:00.000000,,,,,,,,,,4.7129955,
175,2006-08-02 00:00:00.000000,6.0,,,,,,,,,,
352,2006-09-01 00:00:00.000000,,,,,,,,,,4.6665844,
404,2006-09-01 00:00:00.000000,,,,,,,,,,,21.72
241,2006-09-01 00:00:00.000000,,,,,,,,,4.0,,
174,2006-09-06 00:00:00.000000,6.0,,,,,,,,,,
405,2006-10-01 00:00:00.000000,,,,,,,,,,,
353,2006-10-01 00:00:00.000000,,,,,,,,,,4.4637608,
173,2006-10-04 00:00:00.000000,6.0,,,,,,,,,,
406,2006-11-01 00:00:00.000000,,,,,,,,,,,
354,2006-11-01 00:00:00.000000,,,,,,,,,,4.5155512,
172,2006-11-08 00:00:00.000000,6.25,,,,,,,,,,
407,2006-12-01 00:00:00.000000,,,,,,,,,,,
242,2006-12-01 00:00:00.000000,,,,,,,,,3.3,,
355,2006-12-01 00:00:00.000000,,,,,,,,,,4.5687452,
171,2006-12-06 00:00:00.000000,6.25,,,,,,,,,,
408,2007-01-01 00:00:00.000000,,,,,,,,,,,
356,2007-01-01 00:00:00.000000,,,,,,,,,,4.5544616,
357,2007-02-01 00:00:00.000000,,,,,,,,,,4.6357654,
409,2007-02-01 00:00:00.000000,,,,,,,,,,,
170,2007-02-07 00:00:00.000000,6.25,,,,,,,,,,
243,2007-03-01 00:00:00.000000,,,,,,,,,2.5,,
358,2007-03-01 00:00:00.000000,,,,,,,,,,4.4603551,
410,2007-03-01 00:00:00.000000,,,,,,,,,,,
169,2007-03-07 00:00:00.000000,6.25,,,,,,,,,,
411,2007-04-01 00:00:00.000000,,,,,,,,,,,
359,2007-04-01 00:00:00.000000,,,,,,,,,,4.3867163,
168,2007-04-04 00:00:00.000000,6.25,,,,,,,,,,
360,2007-05-01 00:00:00.000000,,,,,,,,,,4.2646524,
412,2007-05-01 00:00:00.000000,,,,,,,,,,,
167,2007-05-02 00:00:00.000000,6.25,,,,,,,,,,
361,2007-06-01 00:00:00.000000,,,,,,,,,,4.324534,
244,2007-06-01 00:00:00.000000,,,,,,,,,2.1,,
413,2007-06-01 00:00:00.000000,,,,,,,,,,,
166,2007-06-06 00:00:00.000000,6.25,,,,,,,,,,
362,2007-07-01 00:00:00.000000,,,,,,,,,,4.2537636,
414,2007-07-01 00:00:00.000000,,,,,,,,,,,
165,2007-07-04 00:00:00.000000,6.25,,,,,,,,,,
363,2007-08-01 00:00:00.000000,,,,,,,,,,4.3000228,
415,2007-08-01 00:00:00.000000,,,,,,,,,,,25.04
164,2007-08-08 00:00:00.000000,6.5,,,,,,,,,,
364,2007-09-01 00:00:00.000000,,,,,,,,,,4.2136255,
416,2007-09-01 00:00:00.000000,,,,,,,,,,,23.64
245,2007-09-01 00:00:00.000000,,,,,,,,,1.8,,
163,2007-09-05 00:00:00.000000,6.5,,,,,,,,,,
365,2007-10-01 00:00:00.000000,,,,,,,,,,4.3269644,
417,2007-10-01 00:00:00.000000,,,,,,,,,,,
162,2007-10-03 00:00:00.000000,6.5,,,,,,,,,,
418,2007-11-01 00:00:00.000000,,,,,,,,,,,
366,2007-11-01 00:00:00.000000,,,,,,,,,,4.4272808,
161,2007-11-07 00:00:00.000000,6.75,,,,,,,,,,
367,2007-12-01 00:00:00.000000,,,,,,,,,,4.3092578,
246,2007-12-01 00:00:00.000000,,,,,,,,,2.9,,
419,2007-12-01 00:00:00.000000,,,,,,,,,,,
160,2007-12-05 00:00:00.000000,6.75,,,,,,,,,,
420,2008-01-01 00:00:00.000000,,,,,,,,,,,
368,2008-01-01 00:00:00.000000,,,,,,,,,,4.2203626,
28,2008-01-11 00:00:00.000000,,8.67,,,,,,,,,
54,2008-01-29 00:00:00.000000,,,,8.55,8.55,8.55,8.55,8.4,,,
369,2008-02-01 00:00:00.000000,,,,,,,,,,3.9806647,
421,2008-02-01 00:00:00.000000,,,,,,,,,,,
159,2008-02-06 00:00:00.000000,7.0,,,,,,,,,,
27,2008-02-08 00:00:00.000000,,8.97,,,,,,,,,
53,2008-02-25 00:00:00.000000,,,,8.8,8.8,8.8,8.8,8.65,,,
370,2008-03-01 00:00:00.000000,,,,,,,,,,4.0577587,
247,2008-03-01 00:00:00.000000,,,,,,,,,4.3,,
422,2008-03-01 00:00:00.000000,,,,,,,,,,,
158,2008-03-05 00:00:00.000000,7.25,,,,,,,,,,
26,2008-03-12 00:00:00.000000,,9.32,,,,,,,,,
52,2008-03-12 00:00:00.000000,,,,9.05,9.05,8.95,8.95,8.9,,,
423,2008-04-01 00:00:00.000000,,,,,,,,,,,
371,2008-04-01 00:00:00.000000,,,,,,,,,,4.2661573,
157,2008-04-02 00:00:00.000000,7.25,,,,,,,,,,
25,2008-04-09 00:00:00.000000,,9.44,,,,,,,,,
51,2008-04-14 00:00:00.000000,,,,9.35,9.25,9.15,9.15,9.1,,,
424,2008-05-01 00:00:00.000000,,,,,,,,,,,
372,2008-05-01 00:00:00.000000,,,,,,,,,,4.2665373,
156,2008-05-07 00:00:00.000000,7.25,,,,,,,,,,
248,2008-06-01 00:00:00.000000,,,,,,,,,4.4,,
425,2008-06-01 00:00:00.000000,,,,,,,,,,,
373,2008-06-01 00:00:00.000000,,,,,,,,,,4.2440412,
155,2008-06-04 00:00:00.000000,7.25,,,,,,,,,,
50,2008-06-23 00:00:00.000000,,,,9.6,9.6,9.45,9.45,9.4,,,
374,2008-07-01 00:00:00.000000,,,,,,,,,,4.250825,
426,2008-07-01 00:00:00.000000,,,,,,,,,,,
154,2008-07-02 00:00:00.000000,7.25,,,,,,,,,,
24,2008-07-14 00:00:00.000000,,9.58,,,,,,,,,
427,2008-08-01 00:00:00.000000,,,,,,,,,,,18.94
375,2008-08-01 00:00:00.000000,,,,,,,,,,4.0160652,
153,2008-08-06 00:00:00.000000,7.25,,,,,,,,,,
49,2008-08-11 00:00:00.000000,,,,9.35,9.35,9.2,9.2,9.15,,,
48,2008-08-25 00:00:00.000000,,,,9.03,8.94,8.94,8.94,8.94,,,
428,2008-09-01 00:00:00.000000,,,,,,,,,,,20.240000000000002
376,2008-09-01 00:00:00.000000,,,,,,,,,,4.2894717,
249,2008-09-01 00:00:00.000000,,,,,,,,,5.0,,
152,2008-09-03 00:00:00.000000,7.0,,,,,,,,,,
47,2008-09-08 00:00:00.000000,,,,8.69,8.69,8.69,8.69,8.69,,,
23,2008-09-08 00:00:00.000000,,9.33,,,,,,,,,
46,2008-09-15 00:00:00.000000,,,,,,8.54,8.54,8.54,,,
429,2008-10-01 00:00:00.000000,,,,,,,,,,,
377,2008-10-01 00:00:00.000000,,,,,,,,,,4.2907854,
151,2008-10-08 00:00:00.000000,6.0,,,,,,,,,,
22,2008-10-13 00:00:00.000000,,8.53,,,,,,,,,
45,2008-10-20 00:00:00.000000,,,,7.14,7.14,7.69,7.69,7.69,,,
21,2008-10-30 00:00:00.000000,,8.32,,,,,,,,,
44,2008-10-30 00:00:00.000000,,,,,,7.29,7.44,7.49,,,
430,2008-11-01 00:00:00.000000,,,,,,,,,,,
378,2008-11-01 00:00:00.000000,,,,,,,,,,4.4631583,
150,2008-11-05 00:00:00.000000,5.25,,,,,,,,,,
20,2008-11-10 00:00:00.000000,,7.74,,,,,,,,,
43,2008-11-17 00:00:00.000000,,,,6.59,6.89,7.19,,,,,
42,2008-11-24 00:00:00.000000,,,,6.14,,,,,,,
379,2008-12-01 00:00:00.000000,,,,,,,,,,4.570849,
250,2008-12-01 00:00:00.000000,,,,,,,,,3.7,,
431,2008-12-01 00:00:00.000000,,,,,,,,,,,
149,2008-12-03 00:00:00.000000,4.25,,,,,,,,,,
19,2008-12-12 00:00:00.000000,,6.74,,,,,,,,,
41,2008-12-12 00:00:00.000000,,,,5.94,6.14,6.64,7.14,7.14,,,
380,2009-01-01 00:00:00.000000,,,,,,,,,,4.9070888,
432,2009-01-01 00:00:00.000000,,,,,,,,,,,
40,2009-01-19 00:00:00.000000,,,,5.59,5.84,6.14,6.64,6.64,,,
433,2009-02-01 00:00:00.000000,,,,,,,,,,,
381,2009-02-01 00:00:00.000000,,,,,,,,,,5.305303,
148,2009-02-04 00:00:00.000000,3.25,,,,,,,,,,
18,2009-02-13 00:00:00.000000,,5.74,,,,,,,,,
434,2009-03-01 00:00:00.000000,,,,,,,,,,,
251,2009-03-01 00:00:00.000000,,,,,,,,,2.4,,
382,2009-03-01 00:00:00.000000,,,,,,,,,,5.7120815,
147,2009-03-04 00:00:00.000000,3.25,,,,,,,,,,
39,2009-03-16 00:00:00.000000,,,,5.39,5.39,5.75,6.39,6.39,,,
435,2009-04-01 00:00:00.000000,,,,,,,,,,,
383,2009-04-01 00:00:00.000000,,,,,,,,,,5.5137517,
146,2009-04-08 00:00:00.000000,3.0,,,,,,,,,,
17,2009-04-17 00:00:00.000000,,5.64,,,,,,,,,
38,2009-04-21 00:00:00.000000,,,,,5.79,6.19,6.59,6.84,,,
384,2009-05-01 00:00:00.000000,,,,,,,,,,5.8119207,
436,2009-05-01 00:00:00.000000,,,,,,,,,,,
145,2009-05-06 00:00:00.000000,3.0,,,,,,,,,,
252,2009-06-01 00:00:00.000000,,,,,,,,,1.4,,
437,2009-06-01 00:00:00.000000,,,,,,,,,,,
385,2009-06-01 00:00:00.000000,,,,,,,,,,5.8616941,
144,2009-06-03 00:00:00.000000,3.0,,,,,,,,,,
16,2009-06-15 00:00:00.000000,,5.74,,,,,,,,,
37,2009-06-15 00:00:00.000000,,,,,5.94,6.69,6.99,7.34,,,
386,2009-07-01 00:00:00.000000,,,,,,,,,,5.6733234,
438,2009-07-01 00:00:00.000000,,,,,,,,,,,
143,2009-07-08 00:00:00.000000,3.0,,,,,,,,,,
387,2009-08-01 00:00:00.000000,,,,,,,,,,5.7160568,
439,2009-08-01 00:00:00.000000,,,,,,,,,,,24.28
142,2009-08-05 00:00:00.000000,3.0,,,,,,,,,,
36,2009-08-10 00:00:00.000000,,,,5.69,6.54,7.14,7.59,7.79,,,
440,2009-09-01 00:00:00.000000,,,,,,,,,,,24.580000000000002
388,2009-09-01 00:00:00.000000,,,,,,,,,,5.6614192,
253,2009-09-01 00:00:00.000000,,,,,,,,,1.2,,
141,2009-09-02 00:00:00.000000,3.0,,,,,,,,,,
35,2009-09-28 00:00:00.000000,,,,6.19,6.84,7.29,7.69,,,,
389,2009-10-01 00:00:00.000000,,,,,,,,,,5.623994,
441,2009-10-01 00:00:00.000000,,,,,,,,,,,
140,2009-10-07 00:00:00.000000,3.25,,,,,,,,,,
15,2009-10-13 00:00:00.000000,,5.99,,,,,,,,,
34,2009-10-19 00:00:00.000000,,,,6.64,7.34,7.74,7.94,8.04,,,
390,2009-11-01 00:00:00.000000,,,,,,,,,,5.5588773,
442,2009-11-01 00:00:00.000000,,,,,,,,,,,
139,2009-11-04 00:00:00.000000,3.5,,,,,,,,,,
14,2009-11-09 00:00:00.000000,,6.24,,,,,,,,,
391,2009-12-01 00:00:00.000000,,,,,,,,,,5.4920192,
254,2009-12-01 00:00:00.000000,,,,,,,,,2.1,,
443,2009-12-01 00:00:00.000000,,,,,,,,,,,
138,2009-12-02 00:00:00.000000,3.75,,,,,,,,,,
13,2009-12-09 00:00:00.000000,,6.61,,,,,,,,,
392,2010-01-01 00:00:00.000000,,,,,,,,,,5.2653914,
444,2010-01-01 00:00:00.000000,,,,,,,,,,,
445,2010-02-01 00:00:00.000000,,,,,,,,,,,
393,2010-02-01 00:00:00.000000,,,,,,,,,,5.3021665,
137,2010-02-03 00:00:00.000000,3.75,,,,,,,,,,
446,2010-03-01 00:00:00.000000,,,,,,,,,,,
255,2010-03-01 00:00:00.000000,,,,,,,,,2.9,,
394,2010-03-01 00:00:00.000000,,,,,,,,,,5.4232253,
136,2010-03-03 00:00:00.000000,4.0,,,,,,,,,,
12,2010-03-05 00:00:00.000000,,6.86,,,,,,,,,
447,2010-04-01 00:00:00.000000,,,,,,,,,,,
395,2010-04-01 00:00:00.000000,,,,,,,,,,5.4988529,
135,2010-04-07 00:00:00.000000,4.25,,,,,,,,,,
11,2010-04-09 00:00:00.000000,,7.11,,,,,,,,,
33,2010-04-19 00:00:00.000000,,,,6.89,7.54,7.89,8.09,8.19,,,
396,2010-05-01 00:00:00.000000,,,,,,,,,,5.2290756,
448,2010-05-01 00:00:00.000000,,,,,,,,,,,
134,2010-05-05 00:00:00.000000,4.5,,,,,,,,,,
10,2010-05-07 00:00:00.000000,,7.36,,,,,,,,,
32,2010-05-17 00:00:00.000000,,,,7.09,,,,,,,
449,2010-06-01 00:00:00.000000,,,,,,,,,,,
256,2010-06-01 00:00:00.000000,,,,,,,,,3.1,,
397,2010-06-01 00:00:00.000000,,,,,,,,,,5.1443236,
133,2010-06-02 00:00:00.000000,4.5,,,,,,,,,,
31,2010-06-15 00:00:00.000000,,,,,,7.44,,,,,
398,2010-07-01 00:00:00.000000,,,,,,,,,,5.289241,
450,2010-07-01 00:00:00.000000,,,,,,,,,,,
132,2010-07-07 00:00:00.000000,4.5,,,,,,,,,,
451,2010-08-01 00:00:00.000000,,,,,,,,,,,25.119999999999997
399,2010-08-01 00:00:00.000000,,,,,,,,,,5.0338331,
131,2010-08-04 00:00:00.000000,4.5,,,,,,,,,,
30,2010-08-15 00:00:00.000000,,,,,7.29,,7.94,8.04,,,
29,2010-08-23 00:00:00.000000,,,,,,7.14,,,,,
400,2010-09-01 00:00:00.000000,,,,,,,,,,5.0539913,
257,2010-09-01 00:00:00.000000,,,,,,,,,2.9,,
452,2010-09-01 00:00:00.000000,,,,,,,,,,,24.7
28,2010-09-06 00:00:00.000000,,,,,7.09,,7.74,7.79,,,
130,2010-09-08 00:00:00.000000,4.5,,,,,,,,,,
27,2010-09-20 00:00:00.000000,,,,,7.29,7.39,,,,,
453,2010-10-01 00:00:00.000000,,,,,,,,,,,
401,2010-10-01 00:00:00.000000,,,,,,,,,,5.2855692,
129,2010-10-06 00:00:00.000000,4.5,,,,,,,,,,
402,2010-11-01 00:00:00.000000,,,,,,,,,,5.1092225,
454,2010-11-01 00:00:00.000000,,,,,,,,,,,
128,2010-11-03 00:00:00.000000,4.75,,,,,,,,,,
9,2010-11-05 00:00:00.000000,,7.81,,,,,,,,,
455,2010-12-01 00:00:00.000000,,,,,,,,,,,
403,2010-12-01 00:00:00.000000,,,,,,,,,,4.8779739,
258,2010-12-01 00:00:00.000000,,,,,,,,,2.8,,
127,2010-12-08 00:00:00.000000,4.75,,,,,,,,,,
404,2011-01-01 00:00:00.000000,,,,,,,,,,5.003208,
456,2011-01-01 00:00:00.000000,,,,,,,,,,,
405,2011-02-01 00:00:00.000000,,,,,,,,,,4.9766643,
457,2011-02-01 00:00:00.000000,,,,,,,,,,,
126,2011-02-02 00:00:00.000000,4.75,,,,,,,,,,
406,2011-03-01 00:00:00.000000,,,,,,,,,,4.926612,
458,2011-03-01 00:00:00.000000,,,,,,,,,,,
259,2011-03-01 00:00:00.000000,,,,,,,,,3.3,,
125,2011-03-02 00:00:00.000000,4.75,,,,,,,,,,
459,2011-04-01 00:00:00.000000,,,,,,,,,,,
407,2011-04-01 00:00:00.000000,,,,,,,,,,4.9593839,
124,2011-04-06 00:00:00.000000,4.75,,,,,,,,,,
408,2011-05-01 00:00:00.000000,,,,,,,,,,5.0126004,
460,2011-05-01 00:00:00.000000,,,,,,,,,,,
123,2011-05-04 00:00:00.000000,4.75,,,,,,,,,,
461,2011-06-01 00:00:00.000000,,,,,,,,,,,
260,2011-06-01 00:00:00.000000,,,,,,,,,3.5,,
409,2011-06-01 00:00:00.000000,,,,,,,,,,4.9161614,
122,2011-06-08 00:00:00.000000,4.75,,,,,,,,,,
410,2011-07-01 00:00:00.000000,,,,,,,,,,5.093984,
462,2011-07-01 00:00:00.000000,,,,,,,,,,,
121,2011-07-06 00:00:00.000000,4.75,,,,,,,,,,
26,2011-07-18 00:00:00.000000,,,,6.99,7.09,7.14,7.69,7.74,,,
411,2011-08-01 00:00:00.000000,,,,,,,,,,5.2716103,
463,2011-08-01 00:00:00.000000,,,,,,,,,,,21.56
120,2011-08-03 00:00:00.000000,4.75,,,,,,,,,,
25,2011-08-12 00:00:00.000000,,,,6.74,6.74,6.74,7.14,7.14,,,
261,2011-09-01 00:00:00.000000,,,,,,,,,3.4,,
412,2011-09-01 00:00:00.000000,,,,,,,,,,5.2201145,
464,2011-09-01 00:00:00.000000,,,,,,,,,,,22.4
119,2011-09-07 00:00:00.000000,4.75,,,,,,,,,,
24,2011-09-23 00:00:00.000000,,,,6.64,6.59,,6.99,6.99,,,
413,2011-10-01 00:00:00.000000,,,,,,,,,,5.1888794,
465,2011-10-01 00:00:00.000000,,,,,,,,,,,
118,2011-10-05 00:00:00.000000,4.75,,,,,,,,,,
23,2011-10-07 00:00:00.000000,,,,6.48,6.53,6.48,6.89,6.89,,,
466,2011-11-01 00:00:00.000000,,,,,,,,,,,
414,2011-11-01 00:00:00.000000,,,,,,,,,,5.2309924,
117,2011-11-02 00:00:00.000000,4.5,,,,,,,,,,
8,2011-11-04 00:00:00.000000,,7.56,,,,,,,,,
22,2011-11-25 00:00:00.000000,,,,,6.19,,6.79,,,,
467,2011-12-01 00:00:00.000000,,,,,,,,,,,
415,2011-12-01 00:00:00.000000,,,,,,,,,,5.1987135,
262,2011-12-01 00:00:00.000000,,,,,,,,,3.0,,
116,2011-12-07 00:00:00.000000,4.25,,,,,,,,,,
7,2011-12-19 00:00:00.000000,,7.31,,,,,,,,,
468,2012-01-01 00:00:00.000000,,,,,,,,,,,
416,2012-01-01 00:00:00.000000,,,,,,,,,,5.0471583,
469,2012-02-01 00:00:00.000000,,,,,,,,,,,
417,2012-02-01 00:00:00.000000,,,,,,,,,,5.1994006,
115,2012-02-08 00:00:00.000000,4.25,,,,,,,,,,
6,2012-02-20 00:00:00.000000,,7.41,,,,,,,,,
263,2012-03-01 00:00:00.000000,,,,,,,,,1.6,,
470,2012-03-01 00:00:00.000000,,,,,,,,,,,
418,2012-03-01 00:00:00.000000,,,,,,,,,,5.1830083,
114,2012-03-07 00:00:00.000000,4.25,,,,,,,,,,
21,2012-03-16 00:00:00.000000,,,,6.29,6.34,,,,,,
471,2012-04-01 00:00:00.000000,,,,,,,,,,,
419,2012-04-01 00:00:00.000000,,,,,,,,,,4.9940066,
113,2012-04-04 00:00:00.000000,4.25,,,,,,,,,,
472,2012-05-01 00:00:00.000000,,,,,,,,,,,
420,2012-05-01 00:00:00.000000,,,,,,,,,,5.199899,
112,2012-05-02 00:00:00.000000,3.75,,,,,,,,,,
20,2012-05-08 00:00:00.000000,,,,6.14,,6.14,,,,,
5,2012-05-11 00:00:00.000000,,7.01,,,,,,,,,
19,2012-05-25 00:00:00.000000,,,,,5.94,,6.44,6.54,,,
421,2012-06-01 00:00:00.000000,,,,,,,,,,5.1618895,
473,2012-06-01 00:00:00.000000,,,,,,,,,,,
264,2012-06-01 00:00:00.000000,,,,,,,,,1.2,,
111,2012-06-06 00:00:00.000000,3.5,,,,,,,,,,
4,2012-06-18 00:00:00.000000,,6.8,,,,,,,,,
474,2012-07-01 00:00:00.000000,,,,,,,,,,,
422,2012-07-01 00:00:00.000000,,,,,,,,,,5.1830301,
110,2012-07-04 00:00:00.000000,3.5,,,,,,,,,,
18,2012-07-13 00:00:00.000000,,,,5.94,,5.94,,,,,
475,2012-08-01 00:00:00.000000,,,,,,,,,,,22.6
423,2012-08-01 00:00:00.000000,,,,,,,,,,5.1569789,
109,2012-08-08 00:00:00.000000,3.5,,,,,,,,,,
16,2012-08-20 00:00:00.000000,,,,,5.74,,,,,,
265,2012-09-01 00:00:00.000000,,,,,,,,,2.0,,
424,2012-09-01 00:00:00.000000,,,,,,,,,,5.4848361,
476,2012-09-01 00:00:00.000000,,,,,,,,,,,22.82
108,2012-09-05 00:00:00.000000,3.5,,,,,,,,,,
15,2012-09-07 00:00:00.000000,,,,5.84,,5.84,6.14,6.14,,,
17,2012-09-07 00:00:00.000000,,,,,,5.84,,,,,
14,2012-09-21 00:00:00.000000,,,,,,5.74,,,,,
425,2012-10-01 00:00:00.000000,,,,,,,,,,5.4120049,
477,2012-10-01 00:00:00.000000,,,,,,,,,,,
107,2012-10-03 00:00:00.000000,3.25,,,,,,,,,,
3,2012-10-12 00:00:00.000000,,6.6,,,,,,,,,
13,2012-10-12 00:00:00.000000,,,,5.54,5.54,5.54,5.84,5.84,,,
12,2012-11-01 00:00:00.000000,,,,5.49,5.44,,5.79,,,,
478,2012-11-01 00:00:00.000000,,,,,,,,,,,
426,2012-11-01 00:00:00.000000,,,,,,,,,,5.2571222,
106,2012-11-07 00:00:00.000000,3.25,,,,,,,,,,
427,2012-12-01 00:00:00.000000,,,,,,,,,,5.4352431,
479,2012-12-01 00:00:00.000000,,,,,,,,,,,
266,2012-12-01 00:00:00.000000,,,,,,,,,2.2,,
105,2012-12-05 00:00:00.000000,3.0,,,,,,,,,,
2,2012-12-10 00:00:00.000000,,6.4,,,,,,,,,
480,2013-01-01 00:00:00.000000,,,,,,,,,,,
428,2013-01-01 00:00:00.000000,,,,,,,,,,5.3886072,
429,2013-02-01 00:00:00.000000,,,,,,,,,,5.4058266,
481,2013-02-01 00:00:00.000000,,,,,,,,,,,
11,2013-02-05 00:00:00.000000,,,,5.34,,5.44,,,,,
104,2013-02-06 00:00:00.000000,3.0,,,,,,,,,,
10,2013-02-12 00:00:00.000000,,,,,5.14,,,,,,
430,2013-03-01 00:00:00.000000,,,,,,,,,,5.6400751,
482,2013-03-01 00:00:00.000000,,,,,,,,,,,
267,2013-03-01 00:00:00.000000,,,,,,,,,2.5,,
103,2013-03-06 00:00:00.000000,3.0,,,,,,,,,,
483,2013-04-01 00:00:00.000000,,,,,,,,,,,
431,2013-04-01 00:00:00.000000,,,,,,,,,,5.5871298,
102,2013-04-03 00:00:00.000000,3.0,,,,,,,,,,
432,2013-05-01 00:00:00.000000,,,,,,,,,,5.6106766,
484,2013-05-01 00:00:00.000000,,,,,,,,,,,
101,2013-05-08 00:00:00.000000,2.75,,,,,,,,,,
1,2013-05-13 00:00:00.000000,,6.15,,,,,,,,,
9,2013-05-17 00:00:00.000000,,,,,,5.24,5.54,5.64,,,
485,2013-06-01 00:00:00.000000,,,,,,,,,,,
433,2013-06-01 00:00:00.000000,,,,,,,,,,5.6936269,
268,2013-06-01 00:00:00.000000,,,,,,,,,2.4,,
100,2013-06-05 00:00:00.000000,2.75,,,,,,,,,,
8,2013-06-07 00:00:00.000000,,,,,,5.14,,,,,
434,2013-07-01 00:00:00.000000,,,,,,,,,,5.6354307,
486,2013-07-01 00:00:00.000000,,,,,,,,,,,
99,2013-07-03 00:00:00.000000,2.75,,,,,,,,,,
7,2013-07-19 00:00:00.000000,,,,4.94,5.04,,,,,,
487,2013-08-01 00:00:00.000000,,,,,,,,,,,23.119999999999997
435,2013-08-01 00:00:00.000000,,,,,,,,,,5.8430268,
98,2013-08-07 00:00:00.000000,2.5,,,,,,,,,,
6,2013-08-09 00:00:00.000000,,,,,,5.04,,,,,
0,2013-08-14 00:00:00.000000,,5.9,,,,,,,,,
488,2013-09-01 00:00:00.000000,,,,,,,,,,,24.46
269,2013-09-01 00:00:00.000000,,,,,,,,,2.2,,
436,2013-09-01 00:00:00.000000,,,,,,,,,,5.6994377,
97,2013-09-04 00:00:00.000000,2.5,,,,,,,,,,
5,2013-09-06 00:00:00.000000,,,,,4.94,5.09,,,,,
437,2013-10-01 00:00:00.000000,,,,,,,,,,5.8248594,
489,2013-10-01 00:00:00.000000,,,,,,,,,,,
96,2013-10-02 00:00:00.000000,2.5,,,,,,,,,,
4,2013-10-25 00:00:00.000000,,,,,,,5.74,5.84,,,
490,2013-11-01 00:00:00.000000,,,,,,,,,,,
438,2013-11-01 00:00:00.000000,,,,,,,,,,5.7978465,
95,2013-11-06 00:00:00.000000,2.5,,,,,,,,,,
3,2013-11-07 00:00:00.000000,,,,,5.04,5.29,,,,,
270,2013-12-01 00:00:00.000000,,,,,,,,,2.7,,
491,2013-12-01 00:00:00.000000,,,,,,,,,,,
439,2013-12-01 00:00:00.000000,,,,,,,,,,5.9046308,
94,2013-12-04 00:00:00.000000,2.5,,,,,,,,,,
492,2014-01-01 00:00:00.000000,,,,,,,,,,,
440,2014-01-01 00:00:00.000000,,,,,,,,,,5.9391861,
441,2014-02-01 00:00:00.000000,,,,,,,,,,5.8856323,
493,2014-02-01 00:00:00.000000,,,,,,,,,,,
93,2014-02-05 00:00:00.000000,2.5,,,,,,,,,,
2,2014-02-19 00:00:00.000000,,,,,4.99,5.24,,,,,
271,2014-03-01 00:00:00.000000,,,,,,,,,2.9,,
494,2014-03-01 00:00:00.000000,,,,,,,,,,,
442,2014-03-01 00:00:00.000000,,,,,,,,,,5.8754097,
92,2014-03-05 00:00:00.000000,2.5,,,,,,,,,,
495,2014-04-01 00:00:00.000000,,,,,,,,,,,
443,2014-04-01 00:00:00.000000,,,,,,,,,,5.8033359,
91,2014-04-02 00:00:00.000000,2.5,,,,,,,,,,
496,2014-05-01 00:00:00.000000,,,,,,,,,,,
444,2014-05-01 00:00:00.000000,,,,,,,,,,5.9326139,
90,2014-05-07 00:00:00.000000,2.5,,,,,,,,,,
272,2014-06-01 00:00:00.000000,,,,,,,,,3.0,,
445,2014-06-01 00:00:00.000000,,,,,,,,,,6.0452656,
497,2014-06-01 00:00:00.000000,,,,,,,,,,,
89,2014-06-04 00:00:00.000000,2.5,,,,,,,,,,
498,2014-07-01 00:00:00.000000,,,,,,,,,,,
446,2014-07-01 00:00:00.000000,,,,,,,,,,6.1617545,
88,2014-07-02 00:00:00.000000,2.5,,,,,,,,,,
1,2014-07-23 00:00:00.000000,,,,,,,,5.14,,,
499,2014-08-01 00:00:00.000000,,,,,,,,,,,22.48
447,2014-08-01 00:00:00.000000,,,,,,,,,,6.092774,
87,2014-08-06 00:00:00.000000,2.5,,,,,,,,,,
0,2014-08-15 00:00:00.000000,,,,,,5.09,5.24,,,,
500,2014-09-01 00:00:00.000000,,,,,,,,,,,22.5
273,2014-09-01 00:00:00.000000,,,,,,,,,2.3,,
448,2014-09-01 00:00:00.000000,,,,,,,,,,6.2265786,
86,2014-09-03 00:00:00.000000,2.5,,,,,,,,,,
501,2014-10-01 00:00:00.000000,,,,,,,,,,,
449,2014-10-01 00:00:00.000000,,,,,,,,,,6.3592656,
85,2014-10-08 00:00:00.000000,2.5,,,,,,,,,,
450,2014-11-01 00:00:00.000000,,,,,,,,,,6.2999767,
502,2014-11-01 00:00:00.000000,,,,,,,,,,,
84,2014-11-05 00:00:00.000000,2.5,,,,,,,,,,
274,2014-12-01 00:00:00.000000,,,,,,,,,1.7,,
451,2014-12-01 00:00:00.000000,,,,,,,,,,6.1105686,
503,2014-12-01 00:00:00.000000,,,,,,,,,,,
83,2014-12-03 00:00:00.000000,2.5,,,,,,,,,,
452,2015-01-01 00:00:00.000000,,,,,,,,,,6.3428037,
504,2015-01-01 00:00:00.000000,,,,,,,,,,,
505,2015-02-01 00:00:00.000000,,,,,,,,,,,
453,2015-02-01 00:00:00.000000,,,,,,,,,,6.1598652,
82,2015-02-04 00:00:00.000000,2.25,,,,,,,,,,
83,2015-02-06 00:00:00.000000,,,,,,4.84,,4.84,,,
82,2015-02-16 00:00:00.000000,,,,4.84,4.74,,5.14,4.74,,,
15,2015-02-20 00:00:00.000000,,5.65,,,,,,,,,
275,2015-03-01 00:00:00.000000,,,,,,,,,1.3,,
454,2015-03-01 00:00:00.000000,,,,,,,,,,6.1054541,
506,2015-03-01 00:00:00.000000,,,,,,,,,,,
81,2015-03-04 00:00:00.000000,2.25,,,,,,,,,,
507,2015-04-01 00:00:00.000000,,,,,,,,,,,
455,2015-04-01 00:00:00.000000,,,,,,,,,,6.1120876,
80,2015-04-08 00:00:00.000000,2.25,,,,,,,,,,
456,2015-05-01 00:00:00.000000,,,,,,,,,,5.9364049,
508,2015-05-01 00:00:00.000000,,,,,,,,,,,
79,2015-05-06 00:00:00.000000,2.0,,,,,,,,,,
14,2015-05-13 00:00:00.000000,,5.45,,,,,,,,,
457,2015-06-01 00:00:00.000000,,,,,,,,,,6.0015912,
509,2015-06-01 00:00:00.000000,,,,,,,,,,,
276,2015-06-01 00:00:00.000000,,,,,,,,,1.5,,
78,2015-06-03 00:00:00.000000,2.0,,,,,,,,,,
458,2015-07-01 00:00:00.000000,,,,,,,,,,6.2610675,
510,2015-07-01 00:00:00.000000,,,,,,,,,,,
77,2015-07-08 00:00:00.000000,2.0,,,,,,,,,,
81,2015-07-22 00:00:00.000000,,,,4.64,4.64,4.64,4.84,4.94,,,
511,2015-08-01 00:00:00.000000,,,,,,,,,,,22.580000000000002
459,2015-08-01 00:00:00.000000,,,,,,,,,,6.0840663,
76,2015-08-05 00:00:00.000000,2.0,,,,,,,,,,
13,2015-08-10 00:00:00.000000,,,,,,,,,,,
80,2015-08-24 00:00:00.000000,,,,,4.44,4.54,,,,,
277,2015-09-01 00:00:00.000000,,,,,,,,,1.5,,
512,2015-09-01 00:00:00.000000,,,,,,,,,,,22.0
460,2015-09-01 00:00:00.000000,,,,,,,,,,6.1591485,
75,2015-09-02 00:00:00.000000,2.0,,,,,,,,,,
461,2015-10-01 00:00:00.000000,,,,,,,,,,5.9135494,
513,2015-10-01 00:00:00.000000,,,,,,,,,,,
74,2015-10-07 00:00:00.000000,2.0,,,,,,,,,,
462,2015-11-01 00:00:00.000000,,,,,,,,,,5.8562233,
514,2015-11-01 00:00:00.000000,,,,,,,,,,,
73,2015-11-04 00:00:00.000000,2.0,,,,,,,,,,
79,2015-11-09 00:00:00.000000,,,,4.54,4.34,4.44,4.74,4.74,,,
12,2015-11-20 00:00:00.000000,,5.6,,,,,,,,,
278,2015-12-01 00:00:00.000000,,,,,,,,,1.7,,
515,2015-12-01 00:00:00.000000,,,,,,,,,,,
463,2015-12-01 00:00:00.000000,,,,,,,,,,5.747885,
72,2015-12-02 00:00:00.000000,2.0,,,,,,,,,,
464,2016-01-01 00:00:00.000000,,,,,,,,,,6.0314022,
516,2016-01-01 00:00:00.000000,,,,,,,,,,,
465,2016-02-01 00:00:00.000000,,,,,,,,,,5.7078671,
517,2016-02-01 00:00:00.000000,,,,,,,,,,,
71,2016-02-03 00:00:00.000000,2.0,,,,,,,,,,
466,2016-03-01 00:00:00.000000,,,,,,,,,,5.6570919,
518,2016-03-01 00:00:00.000000,,,,,,,,,,,
279,2016-03-01 00:00:00.000000,,,,,,,,,1.3,,
70,2016-03-02 00:00:00.000000,2.0,,,,,,,,,,
467,2016-04-01 00:00:00.000000,,,,,,,,,,5.6467028,
519,2016-04-01 00:00:00.000000,,,,,,,,,,,
69,2016-04-06 00:00:00.000000,2.0,,,,,,,,,,
520,2016-05-01 00:00:00.000000,,,,,,,,,,,
468,2016-05-01 00:00:00.000000,,,,,,,,,,5.727705,
68,2016-05-04 00:00:00.000000,1.75,,,,,,,,,,
11,2016-05-20 00:00:00.000000,,5.35,,,,,,,,,
469,2016-06-01 00:00:00.000000,,,,,,,,,,5.6847447,
521,2016-06-01 00:00:00.000000,,,,,,,,,,,
280,2016-06-01 00:00:00.000000,,,,,,,,,1.0,,
67,2016-06-08 00:00:00.000000,1.75,,,,,,,,,,
470,2016-07-01 00:00:00.000000,,,,,,,,,,5.6784836,
522,2016-07-01 00:00:00.000000,,,,,,,,,,,
66,2016-07-06 00:00:00.000000,1.75,,,,,,,,,,
471,2016-08-01 00:00:00.000000,,,,,,,,,,5.6065406,
523,2016-08-01 00:00:00.000000,,,,,,,,,,,23.6
65,2016-08-03 00:00:00.000000,1.5,,,,,,,,,,
10,2016-08-19 00:00:00.000000,,5.22,,,,,,,,,
281,2016-09-01 00:00:00.000000,,,,,,,,,1.3,,
472,2016-09-01 00:00:00.000000,,,,,,,,,,5.6382376,
524,2016-09-01 00:00:00.000000,,,,,,,,,,,23.32
78,2016-09-02 00:00:00.000000,,,,,3.99,4.04,,4.14,,,
64,2016-09-07 00:00:00.000000,1.5,,,,,,,,,,
473,2016-10-01 00:00:00.000000,,,,,,,,,,5.573945,
525,2016-10-01 00:00:00.000000,,,,,,,,,,,
63,2016-10-05 00:00:00.000000,1.5,,,,,,,,,,
474,2016-11-01 00:00:00.000000,,,,,,,,,,5.763137,
526,2016-11-01 00:00:00.000000,,,,,,,,,,,
62,2016-11-02 00:00:00.000000,1.5,,,,,,,,,,
475,2016-12-01 00:00:00.000000,,,,,,,,,,5.8368297,
527,2016-12-01 00:00:00.000000,,,,,,,,,,,
282,2016-12-01 00:00:00.000000,,,,,,,,,1.5,,
77,2016-12-02 00:00:00.000000,,,,,4.14,4.24,4.54,4.74,,,
61,2016-12-07 00:00:00.000000,1.5,,,,,,,,,,
9,2016-12-16 00:00:00.000000,,,,,,,,,,,
476,2017-01-01 00:00:00.000000,,,,,,,,,,5.6939271,
528,2017-01-01 00:00:00.000000,,,,,,,,,,,
477,2017-02-01 00:00:00.000000,,,,,,,,,,5.8716567,
529,2017-02-01 00:00:00.000000,,,,,,,,,,,
60,2017-02-08 00:00:00.000000,1.5,,,,,,,,,,
478,2017-03-01 00:00:00.000000,,,,,,,,,,5.8633265,
530,2017-03-01 00:00:00.000000,,,,,,,,,,,
283,2017-03-01 00:00:00.000000,,,,,,,,,2.1,,
59,2017-03-08 00:00:00.000000,1.5,,,,,,,,,,
8,2017-03-17 00:00:00.000000,,,,,,,,,,,
531,2017-04-01 00:00:00.000000,,,,,,,,,,,
479,2017-04-01 00:00:00.000000,,,,,,,,,,5.6190661,
7,2017-04-03 00:00:00.000000,,,,,,,,,,,
58,2017-04-05 00:00:00.000000,1.5,,,,,,,,,,
480,2017-05-01 00:00:00.000000,,,,,,,,,,5.5534006,
532,2017-05-01 00:00:00.000000,,,,,,,,,,,
57,2017-05-03 00:00:00.000000,1.5,,,,,,,,,,
6,2017-05-08 00:00:00.000000,,5.25,,,,,,,,,
533,2017-06-01 00:00:00.000000,,,,,,,,,,,
284,2017-06-01 00:00:00.000000,,,,,,,,,1.9,,
481,2017-06-01 00:00:00.000000,,,,,,,,,,5.5821758,
56,2017-06-07 00:00:00.000000,1.5,,,,,,,,,,
482,2017-07-01 00:00:00.000000,,,,,,,,,,5.575685,
534,2017-07-01 00:00:00.000000,,,,,,,,,,,
55,2017-07-05 00:00:00.000000,1.5,,,,,,,,,,
5,2017-07-07 00:00:00.000000,,5.22,,,,,,,,,
535,2017-08-01 00:00:00.000000,,,,,,,,,,,22.4
483,2017-08-01 00:00:00.000000,,,,,,,,,,5.5128063,
54,2017-08-02 00:00:00.000000,1.5,,,,,,,,,,
76,2017-08-11 00:00:00.000000,,,,4.14,,4.14,,4.54,,,
285,2017-09-01 00:00:00.000000,,,,,,,,,1.8,,
536,2017-09-01 00:00:00.000000,,,,,,,,,,,22.64
484,2017-09-01 00:00:00.000000,,,,,,,,,,5.4365137,
53,2017-09-06 00:00:00.000000,1.5,,,,,,,,,,
75,2017-09-12 00:00:00.000000,,,,,,,4.34,4.34,,,
537,2017-10-01 00:00:00.000000,,,,,,,,,,,
485,2017-10-01 00:00:00.000000,,,,,,,,,,5.3508634,
52,2017-10-04 00:00:00.000000,1.5,,,,,,,,,,
538,2017-11-01 00:00:00.000000,,,,,,,,,,,
486,2017-11-01 00:00:00.000000,,,,,,,,,,5.4190444,
51,2017-11-08 00:00:00.000000,1.5,,,,,,,,,,
487,2017-12-01 00:00:00.000000,,,,,,,,,,5.6109246,
286,2017-12-01 00:00:00.000000,,,,,,,,,1.9,,
539,2017-12-01 00:00:00.000000,,,,,,,,,,,
50,2017-12-06 00:00:00.000000,1.5,,,,,,,,,,
488,2018-01-01 00:00:00.000000,,,,,,,,,,5.5189966,
540,2018-01-01 00:00:00.000000,,,,,,,,,,,
489,2018-02-01 00:00:00.000000,,,,,,,,,,5.590852,
541,2018-02-01 00:00:00.000000,,,,,,,,,,,
49,2018-02-07 00:00:00.000000,1.5,,,,,,,,,,
287,2018-03-01 00:00:00.000000,,,,,,,,,1.9,,
542,2018-03-01 00:00:00.000000,,,,,,,,,,,
490,2018-03-01 00:00:00.000000,,,,,,,,,,5.5256844,
74,2018-03-02 00:00:00.000000,,,,4.04,4.04,,,4.54,,,
48,2018-03-07 00:00:00.000000,1.5,,,,,,,,,,
491,2018-04-01 00:00:00.000000,,,,,,,,,,5.5350843,
543,2018-04-01 00:00:00.000000,,,,,,,,,,,
47,2018-04-04 00:00:00.000000,1.5,,,,,,,,,,
492,2018-05-01 00:00:00.000000,,,,,,,,,,5.4064082,
544,2018-05-01 00:00:00.000000,,,,,,,,,,,
46,2018-05-02 00:00:00.000000,1.5,,,,,,,,,,
545,2018-06-01 00:00:00.000000,,,,,,,,,,,
288,2018-06-01 00:00:00.000000,,,,,,,,,2.1,,
493,2018-06-01 00:00:00.000000,,,,,,,,,,5.2980134,
45,2018-06-06 00:00:00.000000,1.5,,,,,,,,,,
494,2018-07-01 00:00:00.000000,,,,,,,,,,5.2732177,
546,2018-07-01 00:00:00.000000,,,,,,,,,,,
44,2018-07-04 00:00:00.000000,1.5,,,,,,,,,,
73,2018-07-30 00:00:00.000000,,,,,3.94,4.04,,,,,
495,2018-08-01 00:00:00.000000,,,,,,,,,,5.2653788,
547,2018-08-01 00:00:00.000000,,,,,,,,,,,23.380000000000003
43,2018-08-08 00:00:00.000000,1.5,,,,,,,,,,
548,2018-09-01 00:00:00.000000,,,,,,,,,,,23.46
289,2018-09-01 00:00:00.000000,,,,,,,,,1.9,,
496,2018-09-01 00:00:00.000000,,,,,,,,,,5.0008998,
42,2018-09-05 00:00:00.000000,1.5,,,,,,,,,,
497,2018-10-01 00:00:00.000000,,,,,,,,,,4.9786365,
549,2018-10-01 00:00:00.000000,,,,,,,,,,,
41,2018-10-03 00:00:00.000000,1.5,,,,,,,,,,
4,2018-10-04 00:00:00.000000,,5.37,,,,,,,,,
9,2018-10-23 00:00:00.000000,,,3.79,,,,,,,,
550,2018-11-01 00:00:00.000000,,,,,,,,,,,
498,2018-11-01 00:00:00.000000,,,,,,,,,,5.1029428,
40,2018-11-07 00:00:00.000000,1.5,,,,,,,,,,
290,2018-12-01 00:00:00.000000,,,,,,,,,1.8,,
499,2018-12-01 00:00:00.000000,,,,,,,,,,5.0111135,
551,2018-12-01 00:00:00.000000,,,,,,,,,,,
39,2018-12-05 00:00:00.000000,1.5,,,,,,,,,,
500,2019-01-01 00:00:00.000000,,,,,,,,,,5.0613469,
552,2019-01-01 00:00:00.000000,,,,,,,,,,,
553,2019-02-01 00:00:00.000000,,,,,,,,,,,
501,2019-02-01 00:00:00.000000,,,,,,,,,,4.9896894,
38,2019-02-06 00:00:00.000000,1.5,,,,,,,,,,
554,2019-03-01 00:00:00.000000,,,,,,,,,,,
502,2019-03-01 00:00:00.000000,,,,,,,,,,5.1074573,
291,2019-03-01 00:00:00.000000,,,,,,,,,1.3,,
37,2019-03-06 00:00:00.000000,1.5,,,,,,,,,,
503,2019-04-01 00:00:00.000000,,,,,,,,,,5.2176929,
555,2019-04-01 00:00:00.000000,,,,,,,,,,,
36,2019-04-03 00:00:00.000000,1.5,,,,,,,,,,
72,2019-04-09 00:00:00.000000,,,,,,3.94,4.24,4.24,,,
556,2019-05-01 00:00:00.000000,,,,,,,,,,,
504,2019-05-01 00:00:00.000000,,,,,,,,,,5.2217085,
35,2019-05-08 00:00:00.000000,1.5,,,,,,,,,,
505,2019-06-01 00:00:00.000000,,,,,,,,,,5.2231094,
557,2019-06-01 00:00:00.000000,,,,,,,,,,,
292,2019-06-01 00:00:00.000000,,,,,,,,,1.6,,
34,2019-06-05 00:00:00.000000,1.25,,,,,,,,,,
3,2019-06-25 00:00:00.000000,,5.12,,,,,,,,,
8,2019-06-25 00:00:00.000000,,,3.54,,,,,,,,
506,2019-07-01 00:00:00.000000,,,,,,,,,,5.2470932,
558,2019-07-01 00:00:00.000000,,,,,,,,,,,
33,2019-07-03 00:00:00.000000,1.0,,,,,,,,,,
2,2019-07-23 00:00:00.000000,,4.93,,,,,,,,,
7,2019-07-23 00:00:00.000000,,,3.35,,,,,,,,
71,2019-07-26 00:00:00.000000,,,,,3.33,3.43,,3.64,,,
559,2019-08-01 00:00:00.000000,,,,,,,,,,,23.14
507,2019-08-01 00:00:00.000000,,,,,,,,,,5.2521667,
32,2019-08-07 00:00:00.000000,1.0,,,,,,,,,,
560,2019-09-01 00:00:00.000000,,,,,,,,,,,22.56
293,2019-09-01 00:00:00.000000,,,,,,,,,1.7,,
508,2019-09-01 00:00:00.000000,,,,,,,,,,5.1789587,
31,2019-09-04 00:00:00.000000,1.0,,,,,,,,,,
70,2019-09-24 00:00:00.000000,,,,3.44,,,3.64,,,,
561,2019-10-01 00:00:00.000000,,,,,,,,,,,
509,2019-10-01 00:00:00.000000,,,,,,,,,,5.2692589,
30,2019-10-02 00:00:00.000000,0.75,,,,,,,,,,
69,2019-10-03 00:00:00.000000,,,,,3.14,3.14,,,,,
6,2019-10-22 00:00:00.000000,,,3.22,,,,,,,,
1,2019-10-22 00:00:00.000000,,4.8,,,,,,,,,
562,2019-11-01 00:00:00.000000,,,,,,,,,,,
510,2019-11-01 00:00:00.000000,,,,,,,,,,5.1498564,
29,2019-11-06 00:00:00.000000,0.75,,,,,,,,,,
563,2019-12-01 00:00:00.000000,,,,,,,,,,,
511,2019-12-01 00:00:00.000000,,,,,,,,,,5.0541901,
294,2019-12-01 00:00:00.000000,,,,,,,,,1.8,,
28,2019-12-04 00:00:00.000000,0.75,,,,,,,,,,
512,2020-01-01 00:00:00.000000,,,,,,,,,,5.2936199,
564,2020-01-01 00:00:00.000000,,,,,,,,,,,
513,2020-02-01 00:00:00.000000,,,,,,,,,,5.1119512,
565,2020-02-01 00:00:00.000000,,,,,,,,,,,
27,2020-02-05 00:00:00.000000,0.75,,,,,,,,,,
68,2020-02-14 00:00:00.000000,,,,3.14,,,3.34,3.34,,,
514,2020-03-01 00:00:00.000000,,,,,,,,,,5.2425763,
295,2020-03-01 00:00:00.000000,,,,,,,,,2.2,,
566,2020-03-01 00:00:00.000000,,,,,,,,,,,
26,2020-03-04 00:00:00.000000,0.5,,,,,,,,,,
25,2020-03-20 00:00:00.000000,0.25,,,,,,,,,,
0,2020-03-24 00:00:00.000000,,4.55,,,,,,,,,
5,2020-03-24 00:00:00.000000,,,2.97,,,,,,,,
67,2020-03-30 00:00:00.000000,,,,2.44,2.44,2.44,3.14,3.14,,,
567,2020-04-01 00:00:00.000000,,,,,,,,,,,
515,2020-04-01 00:00:00.000000,,,,,,,,,,6.3362686,
4,2020-04-07 00:00:00.000000,,,2.79,,,,,,,,
24,2020-04-08 00:00:00.000000,0.25,,,,,,,,,,
516,2020-05-01 00:00:00.000000,,,,,,,,,,7.0434864,
568,2020-05-01 00:00:00.000000,,,,,,,,,,,
23,2020-05-06 00:00:00.000000,0.25,,,,,,,,,,
569,2020-06-01 00:00:00.000000,,,,,,,,,,,
296,2020-06-01 00:00:00.000000,,,,,,,,,-0.3,,
517,2020-06-01 00:00:00.000000,,,,,,,,,,7.3860355,
22,2020-06-03 00:00:00.000000,0.25,,,,,,,,,,
570,2020-07-01 00:00:00.000000,,,,,,,,,,,
518,2020-07-01 00:00:00.000000,,,,,,,,,,7.4758278,
21,2020-07-08 00:00:00.000000,0.25,,,,,,,,,,
519,2020-08-01 00:00:00.000000,,,,,,,,,,6.7996802,
571,2020-08-01 00:00:00.000000,,,,,,,,,,,17.82
20,2020-08-05 00:00:00.000000,0.25,,,,,,,,,,
297,2020-09-01 00:00:00.000000,,,,,,,,,0.7,,
520,2020-09-01 00:00:00.000000,,,,,,,,,,6.8820351,
572,2020-09-01 00:00:00.000000,,,,,,,,,,,18.36
19,2020-09-02 00:00:00.000000,0.25,,,,,,,,,,
3,2020-09-25 00:00:00.000000,,,2.69,,,,,,,,
573,2020-10-01 00:00:00.000000,,,,,,,,,,,
521,2020-10-01 00:00:00.000000,,,,,,,,,,6.9343217,
18,2020-10-07 00:00:00.000000,0.25,,,,,,,,,,
522,2020-11-01 00:00:00.000000,,,,,,,,,,6.8201383,
574,2020-11-01 00:00:00.000000,,,,,,,,,,,
17,2020-11-04 00:00:00.000000,0.1,,,,,,,,,,
66,2020-11-11 00:00:00.000000,,,,2.34,2.29,2.29,2.14,,,,
298,2020-12-01 00:00:00.000000,,,,,,,,,0.9,,
575,2020-12-01 00:00:00.000000,,,,,,,,,,,
523,2020-12-01 00:00:00.000000,,,,,,,,,,6.5869895,
16,2020-12-02 00:00:00.000000,0.1,,,,,,,,,,
576,2021-01-01 00:00:00.000000,,,,,,,,,,,
524,2021-01-01 00:00:00.000000,,,,,,,,,,6.3732415,
577,2021-02-01 00:00:00.000000,,,,,,,,,,,
525,2021-02-01 00:00:00.000000,,,,,,,,,,5.8382305,
15,2021-02-03 00:00:00.000000,0.1,,,,,,,,,,
578,2021-03-01 00:00:00.000000,,,,,,,,,,,
299,2021-03-01 00:00:00.000000,,,,,,,,,1.1,,
526,2021-03-01 00:00:00.000000,,,,,,,,,,5.6583703,
14,2021-03-03 00:00:00.000000,0.1,,,,,,,,,,
65,2021-03-22 00:00:00.000000,,,,2.24,2.09,,2.34,,,,
527,2021-04-01 00:00:00.000000,,,,,,,,,,5.4337444,
579,2021-04-01 00:00:00.000000,,,,,,,,,,,
13,2021-04-07 00:00:00.000000,0.1,,,,,,,,,,
528,2021-05-01 00:00:00.000000,,,,,,,,,,5.0903792,
580,2021-05-01 00:00:00.000000,,,,,,,,,,,
12,2021-05-05 00:00:00.000000,0.1,,,,,,,,,,
64,2021-05-21 00:00:00.000000,,,,,,2.34,2.39,,,,
300,2021-06-01 00:00:00.000000,,,,,,,,,3.8,,
581,2021-06-01 00:00:00.000000,,,,,,,,,,,
529,2021-06-01 00:00:00.000000,,,,,,,,,,4.9289553,
11,2021-06-02 00:00:00.000000,0.1,,,,,,,,,,
582,2021-07-01 00:00:00.000000,,,,,,,,,,,
530,2021-07-01 00:00:00.000000,,,,,,,,,,4.6459956,
10,2021-07-07 00:00:00.000000,0.1,,,,,,,,,,
583,2021-08-01 00:00:00.000000,,,,,,,,,,,20.119999999999997
531,2021-08-01 00:00:00.000000,,,,,,,,,,4.5460741,
9,2021-08-04 00:00:00.000000,0.1,,,,,,,,,,
63,2021-08-10 00:00:00.000000,,,,,2.14,,2.44,,,,
532,2021-09-01 00:00:00.000000,,,,,,,,,,4.6525101,
584,2021-09-01 00:00:00.000000,,,,,,,,,,,20.32
301,2021-09-01 00:00:00.000000,,,,,,,,,3.0,,
8,2021-09-08 00:00:00.000000,0.1,,,,,,,,,,
585,2021-10-01 00:00:00.000000,,,,,,,,,,,
533,2021-10-01 00:00:00.000000,,,,,,,,,,5.2220566,
7,2021-10-06 00:00:00.000000,0.1,,,,,,,,,,
62,2021-10-15 00:00:00.000000,,,,2.14,2.24,2.44,2.54,,,,
2,2021-10-15 00:00:00.000000,,,2.29,,,,,,,,
586,2021-11-01 00:00:00.000000,,,,,,,,,,,
534,2021-11-01 00:00:00.000000,,,,,,,,,,4.5972877,
6,2021-11-03 00:00:00.000000,0.1,,,,,,,,,,
61,2021-11-05 00:00:00.000000,,,,2.49,2.49,2.84,3.04,3.24,,,
60,2021-11-26 00:00:00.000000,,,,2.64,2.74,3.14,3.24,3.54,,,
535,2021-12-01 00:00:00.000000,,,,,,,,,,4.1644518,
302,2021-12-01 00:00:00.000000,,,,,,,,,3.5,,
587,2021-12-01 00:00:00.000000,,,,,,,,,,,
5,2021-12-08 00:00:00.000000,0.1,,,,,,,,,,
59,2021-12-16 00:00:00.000000,,,,2.69,2.84,3.29,3.49,3.74,,,
588,2022-01-01 00:00:00.000000,,,,,,,,,,,
536,2022-01-01 00:00:00.000000,,,,,,,,,,4.1762619,
589,2022-02-01 00:00:00.000000,,,,,,,,,,,
537,2022-02-01 00:00:00.000000,,,,,,,,,,4.0205581,
4,2022-02-02 00:00:00.000000,0.1,,,,,,,,,,
1,2022-02-03 00:00:00.000000,,,,,,,,,,,
58,2022-02-03 00:00:00.000000,,,,2.74,2.99,3.39,3.69,3.94,,,
57,2022-02-21 00:00:00.000000,,,,2.94,3.14,3.64,3.84,4.14,,,
538,2022-03-01 00:00:00.000000,,,,,,,,,,3.9297003,
590,2022-03-01 00:00:00.000000,,,,,,,,,,,
303,2022-03-01 00:00:00.000000,,,,,,,,,5.1,,
3,2022-03-02 00:00:00.000000,0.1,,,,,,,,,,
56,2022-03-25 00:00:00.000000,,,,3.14,3.44,3.94,4.14,4.44,,,
0,2022-03-25 00:00:00.000000,,,2.19,,,,,,,,
591,2022-04-01 00:00:00.000000,,,,,,,,,,,
539,2022-04-01 00:00:00.000000,,,,,,,,,,3.8530407,
2,2022-04-06 00:00:00.000000,0.1,,,,,,,,,,
55,2022-04-12 00:00:00.000000,,,,,3.94,4.34,4.54,4.64,,,
592,2022-05-01 00:00:00.000000,,,,,,,,,,,
1,2022-05-04 00:00:00.000000,0.35,,,,,,,,,,
593,2022-06-01 00:00:00.000000,,,,,,,,,,,
0,2022-06-08 00:00:00.000000,0.85,,,,,,,,,,
66,2022-06-08 01:15:46.648177,,,2.44,,,,,,,,
69,2022-06-08 01:15:46.648177,,4.8,,,,,,,,,
77,2022-06-08 01:22:28.591153,,,2.44,,,,,,,,
80,2022-06-08 01:22:28.591153,,4.8,,,,,,,,,
88,2022-06-16 23:12:01.464143,,,2.44,,,,,,,,
91,2022-06-16 23:12:01.465143,,4.8,,,,,,,,,
99,2022-06-19 05:01:39.228791,,,2.94,,,,,,,,
102,2022-06-19 05:01:39.229789,,5.3,,,,,,,,,
110,2022-06-30 12:47:27.145732,,,2.79,,,,,,,,
113,2022-06-30 12:47:27.145732,,5.3,,,,,,,,,
594,2022-07-01 00:00:00.000000,,,,,,,,,,,
58,2022-07-08 05:21:46.360545,,5.3,,,,,,,,,
55,2022-07-08 05:21:46.360545,,,2.79,,,,,,,,
44,2022-07-28 16:37:19.366890,,,3.29,,,,,,,,
47,2022-07-28 16:37:19.366890,,5.8,,,,,,,,,
33,2022-07-31 13:10:08.724902,,,3.29,,,,,,,,
36,2022-07-31 13:10:08.725891,,5.8,,,,,,,,,
595,2022-08-01 00:00:00.000000,,,,,,,,,,,
22,2022-08-07 19:51:44.569954,,,3.29,,,,,,,,
25,2022-08-07 19:51:44.570945,,5.8,,,,,,,,,
11,2022-08-08 13:59:32.114654,,,3.29,,,,,,,,
14,2022-08-08 13:59:32.114654,,5.8,,,,,,,,,
0,2022-08-13 12:25:03.215938,,,3.79,,,,,,,,
3,2022-08-13 12:25:03.215938,,6.3,,,,,,,,,
596,2022-09-01 00:00:00.000000,,,,,,,,,,,
597,2022-10-01 00:00:00.000000,,,,,,,,,,,
598,2022-11-01 00:00:00.000000,,,,,,,,,,,
599,2022-12-01 00:00:00.000000,0.85,6.3,3.79,3.14,3.94,4.34,4.54,4.64,5.1,3.8530407,20.32
